sistema;num_cicloe;calle_prin;calle_secu;colonia;alcaldia;latitud;longitud;sitio_de_e;estatus
Ecobici;1;Rio Sena;Rio Balsas;Cuauhtemoc;Cuauhtemoc;194.335.895;-991.678.193;Arroyo;Instalada
Ecobici;2;Rio Guadalquivir;Rio Nazas;Cuauhtemoc;Cuauhtemoc;1.943.062.276;-9.917.123.066;Arroyo;Instalada
Ecobici;3;Av. Paseo de la Reforma;Av. Insurgentes;Tabacalera;Cuauhtemoc;1.943.163;-99.158.547;Banqueta;Instalada
Ecobici;4;Rio  Nilo;Rio Panuco;Cuauhtemoc;Cuauhtemoc;19.428.491;-99.171.693;Arroyo;Instalada
Ecobici;5;Rio Panuco;Rio Tiber;Cuauhtemoc;Cuauhtemoc;19.429.804;-99.169.451;Arroyo;Instalada
Ecobici;6;Rio Panuco;Rio Sena;Cuauhtemoc;Cuauhtemoc;19.430.963;-99.166.986;Arroyo;Instalada
Ecobici;7;Rio  Elba;Rio Lerma;Cuauhtemoc;Cuauhtemoc;19.425.355;-9.917.515;Arroyo;Instalada
Ecobici;8;Av. Paseo de la Reforma;General Prim;Tabacalera;Cuauhtemoc;19.431.256;-99.158.153;Banqueta;Instalada
Ecobici;9;Rio Guadalquivir;Rio Lerma;Cuauhtemoc;Cuauhtemoc;19.428.184;-99.170.013;Arroyo;Instalada
Ecobici;10;Av. Paseo de la Reforma;Ramirez;Tabacalera;Cuauhtemoc;19.433.431;-99.155.142;Banqueta;Instalada
Ecobici;11;Rio Amazonas;Rio Lerma;Cuauhtemoc;Cuauhtemoc;19.431.192;-99.163.546;Arroyo;Instalada
Ecobici;12;Rio Lerma;Calz. Manuel Villalongin;Cuauhtemoc;Cuauhtemoc;19.432.223;-99.161.686;Arroyo;Instalada
Ecobici;13;Av. Paseo de la Reforma;Rio Mississippi;Cuauhtemoc;Cuauhtemoc;19.424.941;-9.917.233;Banqueta;Instalada
Ecobici;14;Av. Paseo de la Reforma;Rio de la Plata;Cuauhtemoc;Cuauhtemoc;1.942.454;-99.173.247;Banqueta;Instalada
Ecobici;15;Av. Paseo de la Reforma;Rio Mississippi;Cuauhtemoc;Cuauhtemoc;19.425.597;-99.171.409;Banqueta;Instalada
Ecobici;16;Av. Paseo de la Reforma;Rio Tiber;Cuauhtemoc;Cuauhtemoc;194.267.528;-9.916.861.944;Banqueta;Instalada
Ecobici;17;Av. Paseo de la Reforma;Rio Tiber;Cuauhtemoc;Cuauhtemoc;19.427.553;-99.167.396;Banqueta;Instalada
Ecobici;18;Av. Paseo de la Reforma;Rio Rhin;Cuauhtemoc;Cuauhtemoc;19.428.802;-99.164.381;Banqueta;Instalada
Ecobici;19;Av. Paseo de la Reforma;Rio Rhin;Cuauhtemoc;Cuauhtemoc;19.429.453;-9.916.283;Banqueta;Instalada
Ecobici;20;Av. Paseo de la Reforma;Rio Tamesis;Cuauhtemoc;Cuauhtemoc;19.430.907;-99.160.148;Banqueta;Instalada
Ecobici;21;Av. Paseo de la Reforma;Dublin;Juarez;Cuauhtemoc;19.424.784;-99.172.119;Banqueta;Instalada
Ecobici;22;Av. Paseo de la Reforma;Manchester;Juarez;Cuauhtemoc;19.424.784;-99.172.119;Banqueta;Instalada
Ecobici;23;Av. Paseo de la Reforma;Praga;Juarez;Cuauhtemoc;1.942.528;-99.171.099;Banqueta;Instalada
Ecobici;24;Av. Paseo de la Reforma;Varsovia;Juarez;Cuauhtemoc;19.426.614;-99.168.078;Banqueta;Instalada
Ecobici;25;Av. Paseo de la Reforma;Estocolmo;Juarez;Cuauhtemoc;19.427.338;-9.916.672;Banqueta;Instalada
Ecobici;26;Av. Paseo de la Reforma;Versalles;Juarez;Cuauhtemoc;19.432.595;-99.154.995;Banqueta;Instalada
Ecobici;27;Av. Paseo de la Reforma;Havre;Juarez;Cuauhtemoc;1.942.916;-99.162.703;Banqueta;Instalada
Ecobici;28;Toledo;Tokio;Juarez;Cuauhtemoc;19.423.664;-99.172.568;Arroyo;Instalada
Ecobici;29;Av. Paseo de la Reforma;Bucareli;Centro;Cuauhtemoc;19.434.944;-99.150.295;Banqueta;Instalada
Ecobici;30;Hamburgo;Genova;Juarez;Cuauhtemoc;19.426.384;-99.164.255;Arroyo;Instalada
Ecobici;31;Hamburgo;Av. Insurgentes;Juarez;Cuauhtemoc;19.427.937;-99.161.245;Arroyo;Instalada
Ecobici;32;Londres;Sevilla;Juarez;Cuauhtemoc;194.226.672;-991.699.751;Arroyo;Instalada
Ecobici;33;Londres;Florencia;Juarez;Cuauhtemoc;19.424.187;-99.166.497;Arroyo;Instalada
Ecobici;34;Liverpool;Genova;Juarez;Cuauhtemoc;19.424.584;-99.163.688;Arroyo;Instalada
Ecobici;35;Liverpool;Genova;Juarez;Cuauhtemoc;19.424.558;-99.163.518;Arroyo;Instalada
Ecobici;36;Puebla;Veracruz;Roma Norte;Cuauhtemoc;1.941.966;-9.917.588;Arroyo;Instalada
Ecobici;37;Guadalajara;Puebla;Roma Norte;Cuauhtemoc;194.204.398;-991.727.208;Arroyo;Instalada
Ecobici;38;Cozumel;Puebla;Roma Norte;Cuauhtemoc;194.208.433;-991.713.729;Arroyo;Instalada
Ecobici;39;Puebla;Medellin;Roma Norte;Cuauhtemoc;19.421.762;-99.166.931;Arroyo;Instalada
Ecobici;40;Oaxaca;Puebla;Roma Norte;Cuauhtemoc;19.422.379;-99.164.137;Banqueta;Instalada
Ecobici;41;Av. Paseo de la Reforma;Av. de la Republica;Tabacalera;Cuauhtemoc;1.943.542;-99.150.317;Banqueta;Instalada
Ecobici;42;Sinaloa;Valladolid;Roma Norte;Cuauhtemoc;19.420.627;-9.916.821;Arroyo;Instalada
Ecobici;43;Juarez;Doctor Mora;Centro;Cuauhtemoc;194.351.365;-991.460.756;Banqueta;Instalada
Ecobici;44;Durango;Veracruz;Roma Norte;Cuauhtemoc;19.418.141;-99.174.709;Banqueta;Instalada
Ecobici;45;Durango;Sonora;Roma Norte;Cuauhtemoc;19.418.749;-99.171.942;Banqueta;Instalada
Ecobici;46;Durango;Salamanca;Roma Norte;Cuauhtemoc;1.941.919;-99.169.764;Arroyo;Instalada
Ecobici;47;Plaza Madrid;Medellin;Roma Norte;Cuauhtemoc;1.941.955;-99.166.214;Arroyo;Instalada
Ecobici;48;Independencia;Azueta;Centro;Cuauhtemoc;19.433.705;-99.146.665;Banqueta;Instalada
Ecobici;49;Mazatlan;Juan de la Barrera;Condesa;Cuauhtemoc;1.941.689;-9.917.562;Banqueta;Instalada
Ecobici;50;Cuernavaca;Veracruz;Condesa;Cuauhtemoc;19.416.886;-99.173.591;Arroyo;Instalada
Ecobici;51;Colima;Oaxaca;Roma Norte;Cuauhtemoc;19.418.031;-99.168.435;Arroyo;Instalada
Ecobici;52;Hidalgo;Trujano;Centro;Cuauhtemoc;19.436.208;-99.141.931;Banqueta;Instalada
Ecobici;53;Fernando Montes de Oca;Tula;Condesa;Cuauhtemoc;194.148.233;-991.783.527;Arroyo;Instalada
Ecobici;54;Parque España;Sonora;Condesa;Cuauhtemoc;19.416.163;-99.170.795;Arroyo;Instalada
Ecobici;55;5 de Mayo;Simon Bolivar;Centro;Cuauhtemoc;19.434.514;-99.138.068;Banqueta;Instalada
Ecobici;56;Alvaro Obregon;Medellin;Roma Norte;Cuauhtemoc;19.417.102;-99.165.607;Banqueta;Instalada
Ecobici;57;Cuernavaca;Juan Escutia;Condesa;Cuauhtemoc;19.414.968;-99.174.766;Arroyo;Instalada
Ecobici;58;Parque España;Juan de la Barrera;Condesa;Cuauhtemoc;19.415.358;-99.171.902;Banqueta;Instalada
Ecobici;59;Popocatepetl;Amsterdam;Hipodromo;Cuauhtemoc;19.415.237;-9.916.659;Arroyo;Instalada
Ecobici;60;Mazatlan;Fernando Montes de Oca;Condesa;Cuauhtemoc;19.414.119;-99.177.214;Banqueta;Instalada
Ecobici;61;Avenida Mexico;Sonora;Hipodromo;Cuauhtemoc;19.413.789;-99.169.427;Arroyo;Instalada
Ecobici;62;Fernando Montes de Oca;Amatlan;Condesa;Cuauhtemoc;19.413.314;-99.175.225;Arroyo;Instalada
Ecobici;63;Nuevo Leon;Laredo;Hipodromo;Cuauhtemoc;1.941.299;-99.171.675;Banqueta;Instalada
Ecobici;64;Sonora;Amsterdam;Hipodromo;Cuauhtemoc;19.412.982;-99.166.936;Arroyo;Instalada
Ecobici;65;Marconi;Tacuba;Centro;Cuauhtemoc;19.436.522;-99.139.811;Arroyo;Instalada
Ecobici;66;Mazatlan;Francisco Marquez;Condesa;Cuauhtemoc;19.411.825;-99.178.456;Banqueta;Instalada
Ecobici;67;Vicente Suarez;Michoacan;Condesa;Cuauhtemoc;19.411.703;-99.175.753;Arroyo;Instalada
Ecobici;68;Tamaulipas;Michoacan;Condesa;Cuauhtemoc;19.411.771;-99.173.783;Banqueta;Instalada
Ecobici;69;Michoacan;Amsterdam;Hipodromo;Cuauhtemoc;19.410.797;-99.168.143;Arroyo;Instalada
Ecobici;70;Parque Mexico;Michoacan;Hipodromo;Cuauhtemoc;1.941.128;-99.169.825;Arroyo;Instalada
Ecobici;71;Amsterdam;Michoacan;Hipodromo;Cuauhtemoc;19.411.361;-99.171.271;Arroyo;Instalada
Ecobici;72;Mazatlan;Alfonso Reyes;Hipodromo Condesa;Cuauhtemoc;19.409.859;-99.179.565;Banqueta;Instalada
Ecobici;73;Campeche;Tamaulipas;Hipodromo Condesa;Cuauhtemoc;19.410.073;-99.175.542;Arroyo;Instalada
Ecobici;74;Nuevo Leon;Ozulama;Hipodromo;Cuauhtemoc;19.410.468;-99.172.802;Banqueta;Instalada
Ecobici;75;Alfonso Reyes;Atlixco;Hipodromo Condesa;Cuauhtemoc;19.408.676;-99.176.759;Banqueta;Instalada
Ecobici;76;Chilpancingo;Campeche;Hipodromo;Cuauhtemoc;194.086.886;-99.169.938;Arroyo;Instalada
Ecobici;77;Choapan;Tamaulipas;Hipodromo;Cuauhtemoc;19.406.745;-99.178.272;Arroyo;Instalada
Ecobici;78;Benjamin Hill;Tamaulipas;Hipodromo;Cuauhtemoc;19.407.512;-99.177.361;Arroyo;Instalada
Ecobici;79;Saltillo;Alfonso Reyes;Hipodromo;Cuauhtemoc;19.407.479;-99.174.403;Banqueta;Instalada
Ecobici;80;Nuevo Leon;Aguascalientes;Hipodromo;Cuauhtemoc;19.407.233;-99.172.131;Banqueta;Instalada
Ecobici;81;Aguascalientes;Av. Insurgentes;Hipodromo;Cuauhtemoc;19.407.927;-99.168.734;Arroyo;Instalada
Ecobici;82;Independencia;Jose Maria Marroqui;Centro;Cuauhtemoc;19.433.344;-9.914.404;Banqueta;Instalada
Ecobici;83;Alfonso Reyes;Nuevo León;Hipodromo;Cuauhtemoc;1.940.655;-99.172.275;Arroyo;Instalada
Ecobici;84;Chilpancingo;Tlaxcala;Hipodromo;Cuauhtemoc;19.406.872;-99.169.572;Arroyo;Instalada
Ecobici;85;Jose Rosas Moreno;James Sullivan;San Rafael;Cuauhtemoc;19.434.081;-99.162.434;Arroyo;Instalada
Ecobici;86;Sullivan;Av. Insurgentes;San Rafael;Cuauhtemoc;19.432.452;-9.915.924;Banqueta;Instalada
Ecobici;87;Gante;Venustiano Carranza;Centro;Cuauhtemoc;19.432.024;-99.139.705;Banqueta;Instalada
Ecobici;88;2da cerrada de 5 de mayo;Palma;Centro;Cuauhtemoc;19.433.757;-99.135.331;Banqueta;Instalada
Ecobici;89;Republica de Guatemala;Monte de Piedad;Centro;Cuauhtemoc;19.434.962;-99.133.729;Banqueta;Instalada
Ecobici;90;Jose Maria Pino Suarez;Corregidora;Centro;Cuauhtemoc;1.943.144;-99.132.513;Banqueta;Instalada
Ecobici;91;Republica de Cuba;Allende;Centro;Cuauhtemoc;194.374;-99.137.571;Arroyo;Instalada
Ecobici;92;San Ildefonso;Republica de Argentina;Centro;Cuauhtemoc;19.436.531;-99.131.497;Banqueta;Instalada
Ecobici;93;Palma Norte;Republica de Cuba;Centro;Cuauhtemoc;19.436.741;-99.134.811;Arroyo;Instalada
Ecobici;94;Lic. Primo de Verdad;Moneda;Centro;Cuauhtemoc;19.433.766;-99.130.918;Arroyo;Instalada
Ecobici;95;20 de Noviembre;Venustiano Carranza;Centro;Cuauhtemoc;19.430.722;-99.133.698;Banqueta;Instalada
Ecobici;96;Lopez;Ayuntamiento;Centro;Cuauhtemoc;19.430.625;-9.914.248;Arroyo;Instalada
Ecobici;97;Republica de Salvador;Jose Maria Pino Suarez;Centro;Cuauhtemoc;19.429.189;-99.132.759;Camellón;Instalada
Ecobici;98;Emilio Donde;Av. Balderas;Centro;Cuauhtemoc;19.430.267;-9.914.861;Arroyo;Instalada
Ecobici;99;Ernesto Pugibet;Luis Moya;Centro;Cuauhtemoc;19.429.947;-9.914.591;Arroyo;Instalada
Ecobici;100;20 de Noviembre;Mesones;Centro;Cuauhtemoc;19.428.485;-991.338;Banqueta;Instalada
Ecobici;102;Echeveste;Simon Bolivar;Centro;Cuauhtemoc;19.428.214;-99.139.494;Banqueta;Instalada
Ecobici;103;Joaquin Velazquez de Leon;Garcia Icazbalceta;San Rafael;Cuauhtemoc;19.441.533;-99.165.268;Arroyo;Instalada
Ecobici;104;San Jeronimo;Isabel la Catolica;Centro;Cuauhtemoc;19.427.059;-99.137.116;Banqueta;Instalada
Ecobici;105;San Jeronimo;5 de Febrero;Centro;Cuauhtemoc;19.426.755;-99.135.014;Arroyo;Instalada
Ecobici;106;San Jeronimo;Jose Maria Pino Suarez;Centro;Cuauhtemoc;1.942.649;-99.133.537;Banqueta;Instalada
Ecobici;109;Nezahualcoyotl;Isabel la Catolica;Centro;Cuauhtemoc;19.425.311;-99.137.421;Arroyo;Instalada
Ecobici;110;Doctor Valenzuela;Av. Dr. Rio de la Loza;Doctores;Cuauhtemoc;19.425.126;-99.143.391;Arroyo;Instalada
Ecobici;111;Guillermo Prieto;Joaquin Velazquez de Leon;San Rafael;Cuauhtemoc;19.438.197;-99.165.918;Arroyo;Instalada
Ecobici;112;Av. Morelos;Abraham Gonzalez;Juarez;Cuauhtemoc;19.432.819;-99.151.734;Banqueta;Instalada
Ecobici;113;General Prim;Versalles;Juarez;Cuauhtemoc;19.430.369;-99.154.419;Arroyo;Instalada
Ecobici;114;Lucerna;Abraham Gonzalez;Juarez;Cuauhtemoc;19.428.989;-99.153.618;Arroyo;Instalada
Ecobici;115;Roma;Dinamarca;Juarez;Cuauhtemoc;19.429.947;-99.159.698;Arroyo;Instalada
Ecobici;116;Londres;Roma;Juarez;Cuauhtemoc;19.428.985;-9.915.664;Arroyo;Instalada
Ecobici;117;Londres;Napoles;Juarez;Cuauhtemoc;19.427.132;-99.160.369;Arroyo;Instalada
Ecobici;118;Liverpool;Dinamarca;Juarez;Cuauhtemoc;19.427.114;-99.158.251;Arroyo;Instalada
Ecobici;119;Turin;Abraham Gonzalez;Juarez;Cuauhtemoc;19.426.785;-99.155.535;Arroyo;Instalada
Ecobici;120;Marsella;Napoles;Juarez;Cuauhtemoc;19.425.437;-99.159.458;Arroyo;Instalada
Ecobici;121;Niza;Chapultepec;Juarez;Cuauhtemoc;19.424.137;-99.161.317;Arroyo;Instalada
Ecobici;122;Jose Maria Vertiz;Av. Dr. Rio de la Loza;Doctores;Cuauhtemoc;19.425.502;-99.146.337;Arroyo;Instalada
Ecobici;123;Claudio Bernard;Doctor Lavista;Doctores;Cuauhtemoc;19.424.161;-99.153.117;Arroyo;Instalada
Ecobici;124;Claudio Bernard;Doctor Liceaga;Doctores;Cuauhtemoc;19.422.392;-99.150.358;Arroyo;Instalada
Ecobici;125;Morelia;Circular de Morelia;Roma Norte;Cuauhtemoc;19.424.197;-99.156.127;Arroyo;Instalada
Ecobici;126;Jalapa;Puebla;Roma Norte;Cuauhtemoc;19.422.288;-99.162.138;Arroyo;Instalada
Ecobici;127;Puebla;Merida;Roma Norte;Cuauhtemoc;19.423.318;-9.915.833;Arroyo;Instalada
Ecobici;128;Orizaba;Rio de Janeiro;Roma Norte;Cuauhtemoc;19.422.148;-99.160.645;Arroyo;Instalada
Ecobici;129;Tonala;Durango;Roma Norte;Cuauhtemoc;194.206;-99.163.312;Arroyo;Instalada
Ecobici;130;Merida;Durango;Roma Norte;Cuauhtemoc;19.421.576;-99.158.015;Arroyo;Instalada
Ecobici;131;Colima;Jalapa;Roma Norte;Cuauhtemoc;19.419.579;-99.161.314;Arroyo;Instalada
Ecobici;132;Colima;Frontera;Roma Norte;Cuauhtemoc;19.420.667;-9.915.645;Arroyo;Instalada
Ecobici;133;Colima;Morelia;Roma Norte;Cuauhtemoc;19.421.138;-99.154.725;Arroyo;Instalada
Ecobici;134;Alvaro Obregon;Orizaba;Roma Norte;Cuauhtemoc;19.418.304;-9.915.956;Camellón;Instalada
Ecobici;135;Alvaro Obregon;Morelia;Roma Norte;Cuauhtemoc;19.419.225;-99.155.099;Camellón;Instalada
Ecobici;136;Alvaro Obregon;Tonala;Roma Norte;Cuauhtemoc;19.417.715;-99.162.729;Camellón;Instalada
Ecobici;137;Alvaro Obregon;Merida;Roma Norte;Cuauhtemoc;19.418.774;-99.157.081;Camellón;Instalada
Ecobici;138;Guanajuato;Frontera;Roma Norte;Cuauhtemoc;19.417.702;-99.155.313;Arroyo;Instalada
Ecobici;139;Tonala;Guanajuato;Roma Norte;Cuauhtemoc;19.416.128;-99.162.097;Arroyo;Instalada
Ecobici;140;Merida;Zacatecas;Roma Norte;Cuauhtemoc;19.416.596;-99.156.879;Arroyo;Instalada
Ecobici;141;Zacatecas;Luis Cabrera;Roma Norte;Cuauhtemoc;19.415.905;-9.915.954;Arroyo;Instalada
Ecobici;142;San Luis Potosi;Eje 2 Pte. Monterrey;Roma Norte;Cuauhtemoc;19.413.232;-99.164.121;Arroyo;Instalada
Ecobici;143;Cordoba;San Luis Potosi;Roma Norte;Cuauhtemoc;19.414.303;-99.157.542;Arroyo;Instalada
Ecobici;144;Frontera;San Luis Potosi;Roma Norte;Cuauhtemoc;19.415.192;-99.154.837;Arroyo;Instalada
Ecobici;145;Yucatan;Chiapas;Roma Norte;Cuauhtemoc;1.941.286;-99.160.661;Arroyo;Instalada
Ecobici;146;Coahuila;Manzanillo;Roma Norte;Cuauhtemoc;19.410.737;-99.165.716;Arroyo;Instalada
Ecobici;147;Coahuila;Orizaba;Roma Norte;Cuauhtemoc;19.412.182;-99.158.443;Arroyo;Instalada
Ecobici;148;Coahuila;Av. Cuauhtemoc;Roma Norte;Cuauhtemoc;19.412.829;-99.155.116;Arroyo;Instalada
Ecobici;149;Merida;Antonio M. Anza;Roma Sur;Cuauhtemoc;1.941.199;-99.155.699;Arroyo;Instalada
Ecobici;150;Campeche;Medellin;Roma Sur;Cuauhtemoc;19.409.894;-99.164.288;Arroyo;Instalada
Ecobici;151;Campeche;Tonala;Roma Sur;Cuauhtemoc;19.410.529;-99.160.873;Arroyo;Instalada
Ecobici;152;Tlacotalpan;Campeche;Roma Sur;Cuauhtemoc;19.409.098;-99.167.181;Arroyo;Instalada
Ecobici;153;Manzanillo;Tlaxcala;Roma Sur;Cuauhtemoc;19.407.468;-99.165.141;Arroyo;Instalada
Ecobici;154;Tuxpan;Tlaxcala;Roma Sur;Cuauhtemoc;19.406.683;-99.167.962;Arroyo;Instalada
Ecobici;155;Jalapa;Tlaxcala;Roma Sur;Cuauhtemoc;19.408.218;-99.159.911;Arroyo;Instalada
Ecobici;156;Tepic;Ario;Roma Sur;Cuauhtemoc;19.406.959;-99.163.021;Arroyo;Instalada
Ecobici;157;Tepic;Tlacotalpan;Roma Sur;Cuauhtemoc;19.406.236;-99.166.616;Arroyo;Instalada
Ecobici;160;Alfonso Herrera;Gabino Barreda;San Rafael;Cuauhtemoc;19.440.252;-99.163.455;Arroyo;Instalada
Ecobici;161;Quintana Roo;Manzanillo;Roma Sur;Cuauhtemoc;19.405.533;-99.164.913;Arroyo;Instalada
Ecobici;162;Tehuantepec;Medellin;Roma Sur;Cuauhtemoc;19.404.907;-99.162.485;Arroyo;Instalada
Ecobici;163;Toluca;Bajio;Roma Sur;Cuauhtemoc;19.405.246;-9.915.643;Arroyo;Instalada
Ecobici;164;Bajio;Tlacotalpan;Roma Sur;Cuauhtemoc;19.403.204;-9.916.596;Arroyo;Instalada
Ecobici;165;Bajio;Eje 2 Pte. Monterrey;Roma Sur;Cuauhtemoc;19.404.268;-99.160.503;Arroyo;Instalada
Ecobici;166;Progreso;Cda. Antonio Maceo;Escandon;Miguel Hidalgo;19.406.069;-99.183.549;Arroyo;Instalada
Ecobici;167;General Salvador Alvarado;Progreso;Escandon;Miguel Hidalgo;19.404.651;-99.179.375;Arroyo;Instalada
Ecobici;168;Comercio;Progreso;Escandon;Miguel Hidalgo;19.403.997;-991.776;Arroyo;Instalada
Ecobici;169;Prosperidad;Progreso;Escandon;Miguel Hidalgo;19.403.019;-99.174.934;Arroyo;Instalada
Ecobici;170;Observatorio Oriente;Av. Revolucion;Escandon;Miguel Hidalgo;19.404.029;-99.184.342;Arroyo;Instalada
Ecobici;171;Comercio;Jose Marti;Escandon;Miguel Hidalgo;194.025.195;-991.781.595;Arroyo;Instalada
Ecobici;172;General Francisco Murguia;Jose Marti;Escandon;Miguel Hidalgo;194.034.757;-991.817.166;Arroyo;Instalada
Ecobici;173;Mineria;Jose Marti;Escandon;Miguel Hidalgo;19.401.682;-99.176.398;Arroyo;Instalada
Ecobici;174;Joaquin Garcia Icazbalceta;Ignacio Manuel Altamirano;San Rafael;Cuauhtemoc;19.441.114;-99.161.636;Arroyo;Instalada
Ecobici;175;Mutualismo;Jose Marti;Escandon;Miguel Hidalgo;19.400.767;-99.172.533;Arroyo;Instalada
Ecobici;176;Jesus Garcia;Luis Donaldo Colosio;Buenavista;Cuauhtemoc;19.442.717;-99.152.262;Arroyo;Instalada
Ecobici;177;Benjamin Hill;Carlos Zetina;Hipodromo Condesa;Cuauhtemoc;19.408.841;-99.181.692;Arroyo;Instalada
Ecobici;178;Tamaulipas;Francisco Murguia;Hipodromo Condesa;Cuauhtemoc;19.406.833;-99.180.457;Arroyo;Instalada
Ecobici;179;Nuevo Leon;Quintana Roo;Hipodromo;Cuauhtemoc;19.404.452;-99.171.438;Camellón;Instalada
Ecobici;180;Quintana Roo;Villahermosa;Hipodromo;Cuauhtemoc;19.404.554;-99.169.953;Arroyo;Instalada
Ecobici;181;Benjamin Franklin;Ometusco;Hipodromo;Cuauhtemoc;19.404.733;-99.174.461;Arroyo;Instalada
Ecobici;182;Progreso;Astronomos;Escandon;Miguel Hidalgo;1.940.198;-9.917.132;Arroyo;Instalada
Ecobici;183;Gabino Barreda;Guillermo Prieto;San Rafael;Cuauhtemoc;19.437.665;-99.164.018;Arroyo;Instalada
Ecobici;184;General Gomez Pedraza;Gobernador Tiburcio Montiel;San Miguel Chapultepec;Miguel Hidalgo;19.414.793;-99.185.083;Arroyo;Instalada
Ecobici;185;General Antonio Leon;General Pedro Antonio de los Santos;San Miguel Chapultepec;Miguel Hidalgo;19.412.776;-99.182.805;Arroyo;Instalada
Ecobici;186;Gobernador Gregorio V. Gelati;General Francisco Molinos del Campo;San Miguel Chapultepec;Miguel Hidalgo;19.412.455;-99.188.489;Arroyo;Instalada
Ecobici;187;General Cano;Gobernador Gregorio V. Gelati;San Miguel Chapultepec;Miguel Hidalgo;19.411.227;-99.185.514;Arroyo;Instalada
Ecobici;188;Gobernador Melchor Muzquiz;Gobernador Ignacio Esteva;San Miguel Chapultepec;Miguel Hidalgo;19.411.711;-99.190.139;Arroyo;Instalada
Ecobici;189;Gobernador Rafael Rebollar;Gobernador Jose Ceballos;San Miguel Chapultepec;Miguel Hidalgo;19.410.036;-99.187.978;Arroyo;Instalada
Ecobici;190;Gobernador Ignacio Esteva;Maestro Jose Vasconcelos;San Miguel Chapultepec;Miguel Hidalgo;19.409.577;-99.183.818;Arroyo;Instalada
Ecobici;191;Gobernador Rafael Rebollar;Gobernado Vicente Eguia;San Miguel Chapultepec;Miguel Hidalgo;1.940.796;-99.187.901;Arroyo;Instalada
Ecobici;194;Circuito Mahatma Gandhi;Av. Paseo de la Reforma;Bosque de Chapultepec;Miguel Hidalgo;19.424.282;-99.180.334;Banqueta;Instalada
Ecobici;195;Av. Paseo de la Reforma;Mahatma Gandhi;Bosque de Chapultepec;Miguel Hidalgo;19.424.858;-99.185.181;Camellón;Instalada
Ecobici;196;Lago Tanganica;Av. Ejercito Nacional;Granada;Miguel Hidalgo;19.438.349;-99.192.904;Arroyo;Instalada
Ecobici;197;Presa Falcon;Blvd. Miguel de Cervantes Saavedra;Ampliacion Granada;Miguel Hidalgo;19.440.501;-99.205.086;Arroyo;Instalada
Ecobici;198;Socrates;Av. Ejercito Nacional;Polanco;Miguel Hidalgo;19.438.168;-99.203.888;Arroyo;Instalada
Ecobici;199;Anatole France;Av. Ejercito Nacional;Polanco;Miguel Hidalgo;19.437.934;-99.197.241;Arroyo;Instalada
Ecobici;200;Emerson;Av. Ejercito Nacional;Polanco;Miguel Hidalgo;19.437.596;-99.188.785;Arroyo;Instalada
Ecobici;201;Lope de Vega;Av. Ejercito Nacional;Polanco;Miguel Hidalgo;19.437.431;-99.187.215;Arroyo;Instalada
Ecobici;202;Calderon de la Barca;Homero;Polanco;Miguel Hidalgo;19.436.064;-99.198.898;Arroyo;Instalada
Ecobici;203;Tennyson;Homero;Polanco;Miguel Hidalgo;19.435.985;-99.194.832;Arroyo;Instalada
Ecobici;204;Temistocles;Homero;Polanco;Miguel Hidalgo;19.435.882;-9.919.152;Arroyo;Instalada
Ecobici;205;Taine;Homero;Polanco;Miguel Hidalgo;19.435.525;-99.184.713;Arroyo;Instalada
Ecobici;206;Homero;Av. Moliere;Polanco;Miguel Hidalgo;19.436.142;-99.200.996;Arroyo;Instalada
Ecobici;207;Torcuato Tasso;Homero;Polanco;Miguel Hidalgo;19.434.861;-99.183.322;Arroyo;Instalada
Ecobici;208;Hesiodo;Lamartine;Polanco;Miguel Hidalgo;19.434.182;-99.189.835;Arroyo;Instalada
Ecobici;209;Solon;Horacio;Polanco;Miguel Hidalgo;19.435.478;-99.206.359;Arroyo;Instalada
Ecobici;210;Eugenio Sue;Horacio;Polanco;Miguel Hidalgo;19.434.076;-99.194.091;Arroyo;Instalada
Ecobici;211;Isaac Newton;Horacio;Polanco;Miguel Hidalgo;19.433.607;-99.188.528;Arroyo;Instalada
Ecobici;212;Hegel;Horacio;Polanco;Miguel Hidalgo;19.433.567;-99.188.096;Arroyo;Instalada
Ecobici;213;Solon;Ciceron;Polanco;Miguel Hidalgo;19.434.361;-99.206.342;Arroyo;Instalada
Ecobici;214;Platon;Horacio;Polanco;Miguel Hidalgo;19.434.353;-9.920.322;Arroyo;Instalada
Ecobici;215;Edgar Alan Poe;Horacio;Polanco;Miguel Hidalgo;1.943.384;-9.919.968;Arroyo;Instalada
Ecobici;216;Alejandro Dumas;Horacio;Polanco;Miguel Hidalgo;19.433.419;-99.195.746;Arroyo;Instalada
Ecobici;217;Euler;Horacio;Polanco;Miguel Hidalgo;19.432.888;-99.183.605;Arroyo;Instalada
Ecobici;218;Hegel;Ibarbourou;Polanco;Miguel Hidalgo;19.432.451;-99.188.033;Arroyo;Instalada
Ecobici;219;Esopo;Ferrocarril de Cuernavaca;Polanco;Miguel Hidalgo;19.433.542;-99.207.808;Arroyo;Instalada
Ecobici;220;Plinio;Presidente Masaryk;Polanco;Miguel Hidalgo;19.432.655;-99.205.727;Arroyo;Instalada
Ecobici;221;Emilio Castelar;Presidente Masaryk;Polanco;Miguel Hidalgo;19.431.799;-99.201.565;Arroyo;Instalada
Ecobici;222;Alejandro Dumas;Presidente Masaryk;Polanco;Miguel Hidalgo;19.431.417;-99.195.774;Arroyo;Instalada
Ecobici;223;Isaac Newton;Presidente Masaryk;Polanco;Miguel Hidalgo;19.431.242;-99.191.613;Arroyo;Instalada
Ecobici;224;Hegel;Presidente Masaryk;Polanco;Miguel Hidalgo;19.431.255;-99.188.065;Arroyo;Instalada
Ecobici;225;Petrarca;Presidente Masaryk;Polanco;Miguel Hidalgo;19.431.172;-99.185.612;Arroyo;Instalada
Ecobici;226;Wallon;Presidente Masaryk;Polanco;Miguel Hidalgo;19.431.033;-9.918.222;Arroyo;Instalada
Ecobici;227;Campos Eliseos;Periferico;Polanco;Miguel Hidalgo;19.431.791;-99.207.373;Arroyo;Instalada
Ecobici;228;Campos Eliseos;Lafontaine;Polanco;Miguel Hidalgo;19.427.705;-9.919.912;Arroyo;Instalada
Ecobici;229;Carlos Dickens;Seneca;Polanco;Miguel Hidalgo;19.430.515;-99.203.331;Banqueta;Instalada
Ecobici;230;Edgar Allan Poe;Carlos Dickens;Polanco;Miguel Hidalgo;19.430.098;-99.200.074;Banqueta;Instalada
Ecobici;231;Isaac Newton;Aristoteles;Polanco;Miguel Hidalgo;1.942.977;-9.919.349;Arroyo;Instalada
Ecobici;232;Taine;Ruben Dario;Polanco;Miguel Hidalgo;1.942.894;-99.185.389;Arroyo;Instalada
Ecobici;233;Julio Verne;Luis G. Urbina;Polanco;Miguel Hidalgo;19.429.314;-99.196.965;Arroyo;Instalada
Ecobici;234;Tres Picos;Arquimedes;Polanco;Miguel Hidalgo;1.942.783;-99.191.539;Arroyo;Instalada
Ecobici;239;Rincon del Bosque;Ruben Dario;Polanco;Miguel Hidalgo;19.430.153;-99.181.355;Arroyo;Instalada
Ecobici;240;Ejercito Nacional;Ferrocarril de Cuernavaca;Polanco;Miguel Hidalgo;19.438.551;-99.206.298;Camellón;Instalada
Ecobici;241;Ejercito Nacional;Juan Vazquez de la Mella;Polanco;Miguel Hidalgo;19.438.616;-99.207.577;Camellón;Instalada
Ecobici;242;Av. Moliere;Blvd. Miguel de Cervantes Saavedra;Polanco;Miguel Hidalgo;19.440.195;-99.200.715;Arroyo;Instalada
Ecobici;243;Lago Filt;Blvd. Miguel de Cervantes Saavedra;Granada;Miguel Hidalgo;19.441.123;-99.195.857;Arroyo;Instalada
Ecobici;244;Lago Victoria;Blvd. Miguel de Cervantes Saavedra;Granada;Miguel Hidalgo;19.440.508;-99.193.681;Arroyo;Instalada
Ecobici;245;Lago Onega;Av. Ejercito Nacional;Granada;Miguel Hidalgo;19.438.347;-99.190.503;Arroyo;Instalada
Ecobici;246;Leibnitz;Thiers;Anzures;Miguel Hidalgo;19.434.147;-99.179.835;Arroyo;Instalada
Ecobici;247;Herschel;Rousseau;Anzures;Miguel Hidalgo;19.432.276;-9.918.064;Arroyo;Instalada
Ecobici;248;Shakespeare;Lafayette;Anzures;Miguel Hidalgo;1.943.175;-99.177.399;Arroyo;Instalada
Ecobici;249;Shakespeare;Darwin;Anzures;Miguel Hidalgo;19.429.877;-99.177.569;Arroyo;Instalada
Ecobici;250;Darwin;Mariano Escobedo;Anzures;Miguel Hidalgo;19.428.949;-99.179.796;Banqueta;Instalada
Ecobici;251;Goethe;Darwin;Anzures;Miguel Hidalgo;19.429.261;-9.917.538;Arroyo;Instalada
Ecobici;252;Victor Hugo;Shakespeare;Anzures;Miguel Hidalgo;19.427.575;-9.917.702;Arroyo;Instalada
Ecobici;253;Dante;Tolstoi;Anzures;Miguel Hidalgo;194.264.486;-991.781.433;Arroyo;Instalada
Ecobici;254;Alfonso Herrera;Miguel Schultz;San Rafael;Cuauhtemoc;19.439.347;-99.160.074;Arroyo;Instalada
Ecobici;255;Jose Rosas Moreno;Guillermo Prieto;San Rafael;Cuauhtemoc;19.437.118;-99.161.862;Arroyo;Instalada
Ecobici;256;Gomez Farias;Sadi Carnot;San Rafael;Cuauhtemoc;19.437.167;-99.158.313;Arroyo;Instalada
Ecobici;257;Manuel Maria Conteras;Calz. Manuel Villalongin;San Rafael;Cuauhtemoc;19.433.803;-99.166.223;Arroyo;Instalada
Ecobici;258;Circuito Interior;Juan Escutia;Condesa;Cuauhtemoc;194.165.298;-991.790.435;Banqueta;Instalada
Ecobici;259;Tomas Alva Edison;Ponciano Arriaga;Tabacalera;Cuauhtemoc;19.437.569;-9.915.468;Arroyo;Instalada
Ecobici;260;Juarez;Balderas;Centro;Cuauhtemoc;194.352.787;-991.477.913;Banqueta;Instalada
Ecobici;261;Av. Paseo de la Reforma;Rio de la Plata;Cuauhtemoc;Cuauhtemoc;1.942.491;-99.172.455;Camellón;Instalada
Ecobici;262;Republica de Cuba;Republica de Brasil;Centro;Cuauhtemoc;19.436.931;-99.133.952;Arroyo;Instalada
Ecobici;263;Sadi Carnot;Gomez Farias;San Rafael;Cuauhtemoc;19.436.274;-99.158.425;Arroyo;Instalada
Ecobici;265;Mina;Jesus Garcia;Buenavista;Cuauhtemoc;19.440.839;-99.152.265;Arroyo;Instalada
Ecobici;270;Av. de la Republica;Ponciano Arriaga;Tabacalera;Cuauhtemoc;19.436.764;-99.153.865;Banqueta;Instalada
Ecobici;276;Anaxagoras;Obrero Mundial;Narvarte Poniente;Benito Juarez;19.401.986;-99.156.366;Arroyo;Instalada
Ecobici;277;Prolongacion Tonala;Obrero Mundial;Narvarte Poniente;Benito Juarez;19.401.807;-9.915.909;Arroyo;Instalada
Ecobici;278;Mier y Pesado;Obrero Mundial;Del Valle Norte;Benito Juarez;1.940.071;-99.163.831;Arroyo;Instalada
Ecobici;279;La Morena;Providencia;Del Valle Norte;Benito Juarez;19.399.908;-99.166.553;Arroyo;Instalada
Ecobici;280;Anaxagoras;Obrero Mundial;Narvarte Poniente;Benito Juarez;194.015;-99.156.406;Arroyo;Instalada
Ecobici;281;Pitagoras;La Morena;Narvarte Poniente;Benito Juarez;19.398.532;-99.157.308;Arroyo;Instalada
Ecobici;282;La Morena;Eje 2 Pte. Gabriel Mancera;Del Valle Norte;Benito Juarez;19.398.692;-99.161.273;Arroyo;Instalada
Ecobici;283;Avenida Coyoacan;Rafael Donde;Del Valle Norte;Benito Juarez;19.397.923;-99.167.248;Arroyo;Instalada
Ecobici;284;Dakota;Vermont;Napoles;Benito Juarez;19.397.693;-99.172.981;Arroyo;Instalada
Ecobici;285;12 de Octubre;Mineria;Escandon;Miguel Hidalgo;19.399.763;-99.177.538;Arroyo;Instalada
Ecobici;286;13 de Septiembre;Avenida Patriotismo;Escandon;Miguel Hidalgo;19.399.201;-99.179.943;Arroyo;Instalada
Ecobici;287;13 de Septiembre;Puente de la Morena;Escandon;Miguel Hidalgo;19.398.946;-99.183.254;Arroyo;Instalada
Ecobici;288;11 de Abril;Avenida 2;San Pedro de los Pinos;Benito Juarez;19.396.359;-99.183.579;Arroyo;Instalada
Ecobici;290;Yosemite;Colorado;Napoles;Benito Juarez;19.396.333;-99.172.667;Arroyo;Instalada
Ecobici;291;Magdalena;Av. Division del Norte;Del Valle Norte;Benito Juarez;19.397.651;-99.169.946;Arroyo;Instalada
Ecobici;292;Adolfo Prieto;Eje 4 Sur Xola;Del Valle Norte;Benito Juarez;19.396.917;-99.166.264;Arroyo;Instalada
Ecobici;293;Mier y Pesado;Eje 4 Sur Xola;Del Valle Norte;Benito Juarez;19.397.373;-99.164.598;Arroyo;Instalada
Ecobici;294;Nicolas San Juan;Eje 4 Sur Xola;Narvarte Poniente;Benito Juarez;19.396.513;-99.160.924;Arroyo;Instalada
Ecobici;295;Anaxagoras;Eje 4 Sur Xola;Narvarte Poniente;Benito Juarez;19.396.328;-99.156.871;Arroyo;Instalada
Ecobici;296;Diagonal San Antonio;Enrique Rebsamen;Narvarte Poniente;Benito Juarez;19.394.283;-99.158.756;Arroyo;Instalada
Ecobici;297;Diagonal San Antonio;Enrique Rebsamen;Narvarte Poniente;Benito Juarez;19.394.412;-99.158.907;Arroyo;Instalada
Ecobici;298;Romero de Terreros;Eje 2 Pte. Gabriel Mancera;Del Valle Norte;Benito Juarez;19.394.092;-99.162.139;Arroyo;Instalada
Ecobici;299;Romero de Terreros;Mier y Pesado;Del Valle Norte;Benito Juarez;19.394.601;-99.165.054;Arroyo;Instalada
Ecobici;300;Providencia;Luz Saviñon;Del Valle Norte;Benito Juarez;193.932.287;-991.684.308;Arroyo;Instalada
Ecobici;301;Luz Saviñon;Magdalena;Del Valle Norte;Benito Juarez;19.393.807;-99.171.133;Arroyo;Instalada
Ecobici;302;Luz Saviñon;Magdalena;Del Valle Norte;Benito Juarez;19.393.832;-99.171.466;Arroyo;Instalada
Ecobici;303;Montecito;Av. Insurgentes;Napoles;Benito Juarez;19.394.842;-99.173.025;Arroyo;Instalada
Ecobici;304;Montecito;Dakota;Napoles;Benito Juarez;19.395.043;-99.173.821;Arroyo;Instalada
Ecobici;305;Avenida del Parque;Arizona;Napoles;Benito Juarez;19.394.693;-99.175.531;Arroyo;Instalada
Ecobici;306;Dakota;Filadelfia;Napoles;Benito Juarez;19.393.699;-99.175.664;Arroyo;Instalada
Ecobici;307;Minnesota;Dakota;Napoles;Benito Juarez;19.393.701;-99.175.834;Arroyo;Instalada
Ecobici;308;Nueva York;Arizona;Napoles;Benito Juarez;19.393.643;-99.178.156;Arroyo;Instalada
Ecobici;309;Pensilvania;Arizona;Napoles;Benito Juarez;19.393.059;-99.179.483;Arroyo;Instalada
Ecobici;310;Calle 1;Patriotismo;San Pedro de los Pinos;Benito Juarez;19.395.322;-99.181.667;Arroyo;Instalada
Ecobici;312;Avenida 2;Calle 7;San Pedro de los Pinos;Benito Juarez;19.392.634;-99.183.737;Arroyo;Instalada
Ecobici;313;Pensilvania;Oklahoma;Napoles;Benito Juarez;19.391.431;-99.178.989;Arroyo;Instalada
Ecobici;314;Nueva York;Louisiana;Napoles;Benito Juarez;19.391.647;-99.177.331;Arroyo;Instalada
Ecobici;315;Alabama;Montana;Napoles;Benito Juarez;19.391.472;-991.736;Arroyo;Instalada
Ecobici;316;San Francisco;Concepcion Beistegui;Del Valle Norte;Benito Juarez;19.391.056;-991.712;Arroyo;Instalada
Ecobici;317;Avenida Coyoacan;Torres Adalid;Del Valle Norte;Benito Juarez;19.391.456;-99.166.157;Arroyo;Instalada
Ecobici;318;Luz Saviñon;Amores;Del Valle Norte;Benito Juarez;19.392.195;-99.163.987;Arroyo;Instalada
Ecobici;319;Diagonal San Antonio;Luz Saviñon;Del Valle Norte;Benito Juarez;19.391.991;-99.162.684;Arroyo;Instalada
Ecobici;320;Enrique Rebsamen;Luz Saviñon;Narvarte Poniente;Benito Juarez;19.391.323;-9.915.936;Arroyo;Instalada
Ecobici;321;Torres Adalid;Anaxagoras;Narvarte Poniente;Benito Juarez;19.389.477;-99.157.513;Arroyo;Instalada
Ecobici;322;Heriberto Frias;Concepcion Beistegui;Narvarte Poniente;Benito Juarez;19.388.528;-99.160.616;Arroyo;Instalada
Ecobici;323;Concepcion Beistegui;Eje 2 Pte. Gabriel Mancera;Del Valle Norte;Benito Juarez;19.388.927;-99.163.127;Arroyo;Instalada
Ecobici;324;Amores;Avenida Eugenia;Del Valle Centro;Benito Juarez;19.387.342;-99.165.629;Arroyo;Instalada
Ecobici;325;Providencia;Avenida Del Valle;Del Valle Centro;Benito Juarez;19.388.178;-99.169.689;Arroyo;Instalada
Ecobici;326;Eugenia;Nebraska;Ampliacion Napoles;Benito Juarez;19.388.978;-99.174.811;Arroyo;Instalada
Ecobici;327;Georgia;Pensilvania;Napoles;Benito Juarez;1.938.885;-9.917.772;Arroyo;Instalada
Ecobici;328;Avenida 1;Calle 7;San Pedro de los Pinos;Benito Juarez;19.392.721;-99.184.727;Arroyo;Instalada
Ecobici;329;Calle 13;Avenida 1;San Pedro de los Pinos;Benito Juarez;19.390.306;-99.184.812;Arroyo;Instalada
Ecobici;330;Calle 15;Avenida Patriotismo;San Pedro de los Pinos;Benito Juarez;19.389.358;-99.182.606;Arroyo;Instalada
Ecobici;331;Avenida 2;Calle 17;San Pedro de los Pinos;Benito Juarez;19.388.748;-99.183.924;Arroyo;Instalada
Ecobici;332;Calle 27;Avenida 3;San Pedro de los Pinos;Benito Juarez;19.385.494;-99.183.744;Arroyo;Instalada
Ecobici;333;Georgia;Carolina;Ampliacion Napoles;Benito Juarez;19.387.624;-99.180.978;Arroyo;Instalada
Ecobici;334;Nueva York;Av. Insurgentes;Ampliacion Napoles;Benito Juarez;193.865.269;-991.751.519;Arroyo;Instalada
Ecobici;335;Magdalena;Ameyalco;Del Valle Centro;Benito Juarez;19.386.985;-99.173.416;Arroyo;Instalada
Ecobici;336;San Borja;Cda. Dr. J. Bartolache;Del Valle Centro;Benito Juarez;19.385.531;-99.169.673;Arroyo;Instalada
Ecobici;337;San Borja;Martin Mendalde;Del Valle Centro;Benito Juarez;19.384.849;-9.916.704;Arroyo;Instalada
Ecobici;338;Nicolas San Juan;San Borja;Del Valle Centro;Benito Juarez;19.384.242;-9.916.326;Arroyo;Instalada
Ecobici;339;Enrique Rebsamen;Avenida Eugenia;Narvarte Poniente;Benito Juarez;19.386.212;-99.160.583;Arroyo;Instalada
Ecobici;340;Anaxagoras;Avenida Eugenia;Narvarte Poniente;Benito Juarez;193.856.299;-991.582.241;Arroyo;Instalada
Ecobici;341;San Borja;Av. Cuauhtemoc;Narvarte Poniente;Benito Juarez;19.382.889;-99.158.352;Arroyo;Instalada
Ecobici;342;Pitagoras;Av. Division del Norte;Narvarte Poniente;Benito Juarez;19.382.328;-99.159.877;Arroyo;Instalada
Ecobici;343;Enrique Rebsamen;Av. Division del Norte;Del valle Centro;Benito Juarez;19.383.904;-99.160.875;Arroyo;Instalada
Ecobici;345;Patricio Sanz;Miraflores;Insurgentes San Borja;Benito Juarez;19.384.447;-99.172.039;Arroyo;Instalada
Ecobici;346;San Francisco;Santa Margarita;Insurgentes San Borja;Benito Juarez;19.385.039;-99.174.018;Arroyo;Instalada
Ecobici;347;Pensilvania;Maximino Avila Camacho;Ciudad de los Deportes;Benito Juarez;19.384.474;-99.176.084;Arroyo;Instalada
Ecobici;348;Indiana;Eje 5 Sur Av. San Antonio;Ciudad de los Deportes;Benito Juarez;1.938.542;-9.917.823;Arroyo;Instalada
Ecobici;349;Augusto Rodin;Eje 5 Sur Av. San Antonio;Ampliacion Napoles;Benito Juarez;19.385.632;-99.180.848;Arroyo;Instalada
Ecobici;351;Calle 27;Av. Revolucion;San Pedro de los Pinos;Benito Juarez;19.385.751;-99.186.297;Arroyo;Instalada
Ecobici;352;Tintoreto;Giorgione;Nonoalco;Benito Juarez;19.384.146;-99.185.491;Arroyo;Instalada
Ecobici;353;Carolina;Holbein;Ciudad de los Deportes;Benito Juarez;1.938.213;-99.178.814;Arroyo;Instalada
Ecobici;354;Boston;Av. Insurgentes;Noche Buena;Benito Juarez;19.381.714;-99.176.664;Arroyo;Instalada
Ecobici;355;California;Sacramento;Insurgentes San Borja;Benito Juarez;19.382.042;-99.173.336;Arroyo;Instalada
Ecobici;356;Matias Romero;Adolfo Prieto;Del Valle Centro;Benito Juarez;19.381.287;-991.702;Arroyo;Instalada
Ecobici;357;Matias Romero;Amores;Del Valle Centro;Benito Juarez;19.380.617;-99.167.066;Arroyo;Instalada
Ecobici;358;Nicolas San Juan;Matias Romero;Del Valle Centro;Benito Juarez;19.380.087;-9.916.427;Arroyo;Instalada
Ecobici;359;Matias Romero;Pestalozzi;Del Valle Centro;Benito Juarez;19.379.331;-99.161.163;Arroyo;Instalada
Ecobici;360;Heriberto Frias;Matias Romero;Del Valle Centro;Benito Juarez;19.379.435;-99.162.794;Arroyo;Instalada
Ecobici;361;Porfirio Diaz;Capulin;Del Valle Centro;Benito Juarez;19.380.691;-99.175.036;Arroyo;Instalada
Ecobici;362;Augusto Rodin;Alberto Balderas;Ciudad de los Deportes;Benito Juarez;19.382.109;-99.181.056;Arroyo;Instalada
Ecobici;363;Holbein;Paulo Ucello;Ciudad de los Deportes;Benito Juarez;19.380.839;-99.183.932;Arroyo;Instalada
Ecobici;365;Holbein;Av. Revolucion;Nonoalco;Benito Juarez;19.381.123;-9.918.667;Arroyo;Instalada
Ecobici;366;Porfirio Diaz;Augusto Rodin;Extremadura Insurgentes;Benito Juarez;19.378.423;-99.181.891;Arroyo;Instalada
Ecobici;367;Boston;Augusto Rodin;Noche Buena;Benito Juarez;19.379.593;-99.181.351;Arroyo;Instalada
Ecobici;369;Porfirio Diaz;Av. Insurgentes;Extremadura Insurgentes;Benito Juarez;19.379.941;-99.177.224;Arroyo;Instalada
Ecobici;370;Tlacoquemecatl;Av. Insurgentes;Tlacoquemecatl del Valle;Benito Juarez;19.378.827;-99.176.944;Arroyo;Instalada
Ecobici;371;Tlacoquemecatl;Capulin;Tlacoquemecatl del Valle;Benito Juarez;19.378.546;-99.174.297;Arroyo;Instalada
Ecobici;372;Doctor Roberto Gayol;Tlacoquemecatl;Del Valle Sur;Benito Juarez;19.377.966;-99.170.272;Arroyo;Instalada
Ecobici;373;Pilares;Eje 2 Pte. Gabriel Mancera;Del valle Centro;Benito Juarez;19.377.932;-99.166.594;Arroyo;Instalada
Ecobici;374;Pitagoras;Pilares;Del valle Centro;Benito Juarez;19.376.918;-9.916.108;Arroyo;Instalada
Ecobici;375;Tenayuca;Av. Division del Norte;Letran Valle;Benito Juarez;19.376.997;-99.158.779;Arroyo;Instalada
Ecobici;377;Heriberto Frias;Miguel Laurent;Del Valle Sur;Benito Juarez;19.375.397;-99.163.778;Arroyo;Instalada
Ecobici;378;Miguel Laurent;Amores;Del Valle Sur;Benito Juarez;19.375.865;-99.168.219;Arroyo;Instalada
Ecobici;380;Moras;San Lorenzo;Tlacoquemecatl del Valle;Benito Juarez;19.374.756;-99.173.539;Arroyo;Instalada
Ecobici;381;San Lorenzo;Manzanas;Tlacoquemecatl del Valle;Benito Juarez;19.375.495;-99.177.819;Arroyo;Instalada
Ecobici;384;Empresa;Poussin;Insurgentes Mixcoac;Benito Juarez;19.375.865;-99.185.573;Arroyo;Instalada
Ecobici;385;Poussin;Empresa;Insurgentes Mixcoac;Benito Juarez;19.375.806;-99.185.527;Arroyo;Instalada
Ecobici;386;Poussin;Donatello;Insurgentes Mixcoac;Benito Juarez;19.374.912;-99.185.807;Arroyo;Instalada
Ecobici;387;Cadiz;Empresa;Insurgentes Mixcoac;Benito Juarez;19.374.267;-99.180.546;Arroyo;Instalada
Ecobici;389;Santander;Felix Cuevas;Insurgentes Mixcoac;Benito Juarez;19.373.438;-99.179.531;Arroyo;Instalada
Ecobici;392;Patricio Sanz;Felix Cuevas;Tlacoquemecatl del Valle;Benito Juarez;19.373.004;-99.174.764;Arroyo;Instalada
Ecobici;393;Adolfo Prieto;Felix Cuevas;Tlacoquemecatl del Valle;Benito Juarez;19.373.307;-99.172.471;Arroyo;Instalada
Ecobici;394;Doctor Roberto Gayol;Felix Cuevas;Del Valle Sur;Benito Juarez;19.372.474;-99.171.639;Arroyo;Instalada
Ecobici;395;San Lorenzo;Martin Mendalde;Del Valle Sur;Benito Juarez;19.373.725;-99.169.807;Arroyo;Instalada
Ecobici;396;Martin Mendalde;Felix Cuevas;Del Valle Sur;Benito Juarez;1.937.165;-9.917.015;Arroyo;Instalada
Ecobici;397;San Lorenzo;Eje 2 Pte. Gabriel Mancera;Del Valle Sur;Benito Juarez;19.373.112;-99.166.981;Arroyo;Instalada
Ecobici;398;Juan Sanchez Azcona;Felix Cuevas;Del Valle Sur;Benito Juarez;1.937.104;-99.165.653;Arroyo;Instalada
Ecobici;399;Heriberto Frias;San Lorenzo;Del Valle Sur;Benito Juarez;19.372.469;-99.164.538;Arroyo;Instalada
Ecobici;401;San Lorenzo;Av. Cuauhtemoc;Santa Cruz Atoyac;Benito Juarez;19.372.101;-99.161.501;Arroyo;Instalada
Ecobici;402;Uxmal;Municipio Libre;Santa Cruz Atoyac;Benito Juarez;19.370.957;-99.158.886;Arroyo;Instalada
Ecobici;404;Miguel Laurent;Av. Division del Norte;Portales Norte;Benito Juarez;19.373.833;-99.157.433;Arroyo;Instalada
Ecobici;405;Division del Norte;Municipio Libre;Portales Norte;Benito Juarez;193.705.556;-9.915.666.667;Banqueta;Instalada
Ecobici;407;Prolongacion Xochicalco;General Emiliano Zapata;Residencial Emperadores;Benito Juarez;19.367.209;-9.915.872;Arroyo;Instalada
Ecobici;409;Azores;Av. Division del Norte;Santa Cruz Atoyac;Benito Juarez;19.365.125;-99.155.477;Arroyo;Instalada
Ecobici;412;Parroquia;Av. Universidad;Santa Cruz Atoyac;Benito Juarez;19.368.107;-99.164.376;Arroyo;Instalada
Ecobici;413;Parroquia;Avenida Coyoacan;Centro Urbano Presidente Aleman;Benito Juarez;19.369.823;-99.172.164;Arroyo;Instalada
Ecobici;414;Parroquia;Jose Ignacio Bartolache;Del Valle Sur;Benito Juarez;19.370.221;-99.173.862;Arroyo;Instalada
Ecobici;415;San Francisco;Parroquia;Actipan;Benito Juarez;1.937.099;-99.176.135;Arroyo;Instalada
Ecobici;416;Recreo;Parroquia;Del Valle Sur;Benito Juarez;19.371.279;-99.177.623;Arroyo;Instalada
Ecobici;417;Goya;Augusto Rodin;Insurgentes Mixcoac;Benito Juarez;19.373.198;-99.184.274;Arroyo;Instalada
Ecobici;419;Actipan;Cadiz;Insurgentes Mixcoac;Benito Juarez;19.370.615;-99.181.606;Arroyo;Instalada
Ecobici;420;Maria Luz Bringas;Oso;Actipan;Benito Juarez;19.369.782;-99.179.707;Arroyo;Instalada
Ecobici;421;Maria Luz Bringas;Oso;Actipan;Benito Juarez;1.936.952;-99.179.421;Arroyo;Instalada
Ecobici;422;Bufalo;Eje 8 Sur Jose Maria Rico;Actipan;Benito Juarez;19.368.403;-99.177.472;Arroyo;Instalada
Ecobici;423;Moras;Eje 8 Sur Jose Maria Rico;Acacias;Benito Juarez;19.367.816;-99.175.269;Arroyo;Instalada
Ecobici;424;Amores;Eje 8 Sur Jose Maria Rico;Del Valle Sur;Benito Juarez;1.936.715;-9.917.055;Arroyo;Instalada
Ecobici;425;Nicolas San Juan;Av. Universidad;Del Valle Sur;Benito Juarez;1.936.704;-99.167.387;Arroyo;Instalada
Ecobici;427;Avenida Mexico-Coyoacan;Eje 8 Sur Av. Popocatepetl;Santa Cruz Atoyac;Benito Juarez;19.364.912;-99.162.968;Arroyo;Instalada
Ecobici;428;Prolongacion Uxmal;Eje 8 Sur Av. Popocatepetl;General Pedro Maria Anaya;Benito Juarez;19.363.404;-99.160.395;Arroyo;Instalada
Ecobici;429;Pirineos;Eje 8 Sur Av. Popocatepetl;Santa Cruz Atoyac;Benito Juarez;19.363.049;-99.158.436;Arroyo;Instalada
Ecobici;430;Tripoli;Eje 8 Sur Av. Popocatepetl;Santa Cruz Atoyac;Benito Juarez;1.936.205;-99.154.976;Arroyo;Instalada
Ecobici;432;Carrillo Puerto;Avenida Mexico-Coyoacan;General Pedro Maria Anaya;Benito Juarez;19.361.245;-9.916.239;Arroyo;Instalada
Ecobici;433;Jose Maria Olloqui;M. Lopez Cotilla;Del Valle Sur;Benito Juarez;19.363.548;-99.170.766;Arroyo;Instalada
Ecobici;434;Jose Maria Olloqui;Amores;Del Valle Sur;Benito Juarez;19.363.741;-99.171.268;Arroyo;Instalada
Ecobici;436;Rodriguez Saro;Bufalo;Actipan;Benito Juarez;1.936.623;-99.177.904;Arroyo;Instalada
Ecobici;437;Moras;Comunal;Acacias;Benito Juarez;19.364.916;-99.175.985;Arroyo;Instalada
Ecobici;438;Adolfo Prieto;Jose Maria Olloqui;Acacias;Benito Juarez;1.936.473;-99.174.447;Arroyo;Instalada
Ecobici;439;Amores;Avenida Coyoacan;Acacias;Benito Juarez;19.362.037;-99.172.683;Arroyo;Instalada
Ecobici;440;Martin Mendalde;M. Lopez Cotilla;Acacias;Benito Juarez;19.361.699;-99.171.387;Arroyo;Instalada
Ecobici;441;Puente Xoco;Real de Mayorazgo;Xoco;Benito Juarez;19.361.213;-9.916.752;Arroyo;Instalada
Ecobici;442;Real de Mayorazgo;Avenida Mexico-Coyoacan;Xoco;Benito Juarez;19.359.863;-99.165.065;Arroyo;Instalada
Ecobici;443;Bruno Traven;Golondrinas;General Pedro Maria Anaya;Benito Juarez;19.359.583;-99.162.085;Arroyo;Instalada
Ecobici;444;General Manuel Rincon;Agustin Gutierrez;General Pedro Maria Anaya;Benito Juarez;19.359.475;-99.159.437;Arroyo;Instalada
Ecobici;447;Agustin Melgar;Zamora;Condesa;Cuauhtemoc;19.418.879;-99.176.854;Arroyo;Instalada
Ecobici;448;Doctor Andrade;Av. Arcos de Belen;Doctores;Cuauhtemoc;19.426.611;-9.914.447;Arroyo;Instalada
Ecobici;449;Acapulco;Puebla;Roma Norte;Cuauhtemoc;19.420.281;-99.174.392;Arroyo;Instalada
Ecobici;450;Ramos Arizpe;Av. Mexico Tenochtitlan;Tabacalera;Cuauhtemoc;19.438.228;-99.152.269;Arroyo;Instalada
Ecobici;451;Campos Eliseos;Goldsmith;Polanco;Miguel Hidalgo;19.428.847;-99.201.299;Arroyo;Instalada
Ecobici;452;Leibnitz;Av. Ejercito Nacional;Anzures;Miguel Hidalgo;19.435.867;-99.179.856;Arroyo;Instalada
Ecobici;453;Pedregal;Teapa;Lomas de Chapultepec Seccion IV/Lomas Virreyes;Miguel Hidalgo;19.424.842;-99.203.739;Arroyo;Instalada
Ecobici;454;Montes Urales;Monte Pelvoux;Lomas de Chapultepec Seccion IV/Lomas Virreyes;Miguel Hidalgo;19.425.905;-99.204.236;Arroyo;Instalada
Ecobici;455;Pedregal;Ferrocarril de Cuernavaca;Molino del Rey;Miguel Hidalgo;19.426.308;-992.033;Arroyo;Instalada
Ecobici;456;Alpes;Montes Escandinavos;Lomas de Chapultepec Seccion V;Miguel Hidalgo;19.427.517;-99.208.412;Arroyo;Instalada
Ecobici;457;Av. Prado Norte;Explanada;Lomas de Chapultepec Seccion V;Miguel Hidalgo;1.942.703;-99.212.845;Arroyo;Instalada
Ecobici;458;Montes Urales;Volcan;Lomas de Chapultepec Seccion III;Miguel Hidalgo;19.428.679;-99.206.605;Arroyo;Instalada
Ecobici;459;Volcan;Montes Urales;Lomas de Chapultepec Seccion III;Miguel Hidalgo;19.429.243;-99.207.267;Arroyo;Instalada
Ecobici;460;Juan Vazquez de Mella;Homero;Polanco Seccion I/ Los Morales;Miguel Hidalgo;19.437.014;-99.207.932;Arroyo;Instalada
Ecobici;461;Presa Don Martin;Simon Bolivar;Irrigacion;Miguel Hidalgo;19.440.106;-99.210.031;Arroyo;Instalada
Ecobici;462;Presa Falcon;Presa Danxho;Irrigacion;Miguel Hidalgo;19.442.338;-99.205.198;Arroyo;Instalada
Ecobici;463;Lago Andromaco;Lago Zurich;Ampliacion Granada;Miguel Hidalgo;19.443.228;-99.202.492;Arroyo;Instalada
Ecobici;464;Mateo Aleman;Prolongacion Moliere;Ampliacion Granada;Miguel Hidalgo;19.442.421;-99.199.838;Arroyo;Instalada
Ecobici;465;Lago Ginebra;Lago Wetter;Cuauhtemoc Pensil;Miguel Hidalgo;19.445.039;-99.194.078;Arroyo;Instalada
Ecobici;466;Lago Onega;Lago Ladoga;Modelo Pensil;Miguel Hidalgo;1.944.269;-9.919.083;Arroyo;Instalada
Ecobici;467;Lago Mayor;Lago Alberto;Granada;Miguel Hidalgo;19.440.399;-99.186.784;Arroyo;Instalada
Ecobici;468;Lago Xochimilco;Av. Ejercito Nacional;Anahuac I Seccion;Miguel Hidalgo;1.943.726;-99.179.624;Arroyo;Instalada
Ecobici;469;Bahia De La Concepcion;Bahia de Todos Los Santos;Veronica Anzures;Miguel Hidalgo;19.434.183;-99.173.089;Arroyo;Instalada
Ecobici;470;Bahia  de las Palmas;Bahia de Todos Los Santos;Veronica Anzures;Miguel Hidalgo;19.435.039;-99.173.879;Arroyo;Instalada
Ecobici;471;Bahia de Chachalacas;Bahia de Santa Barbara;Veronica Anzures;Miguel Hidalgo;19.436.287;-99.174.888;Arroyo;Instalada
Ecobici;472;Bahia  de Santa Barbara;Bahia de Ballenas;Veronica Anzures;Miguel Hidalgo;19.437.667;-9.917.711;Arroyo;Instalada
Ecobici;473;Bahia  del Espiritu Santo;Bahia de Banderas;Veronica Anzures;Miguel Hidalgo;19.438.143;-9.917.519;Arroyo;Instalada
Ecobici;474;Bahia  de San Hipolito;Bahia del Espiritu Santo;Anahuac I Seccion;Miguel Hidalgo;19.438.984;-99.177.549;Arroyo;Instalada
Ecobici;475;Lago Muritz;Lago Alberto;Anahuac I Seccion;Miguel Hidalgo;19.439.249;-99.181.065;Arroyo;Instalada
Ecobici;476;Lago Como;Laguna de Mayran;Granada;Miguel Hidalgo;19.442.127;-99.184.433;Arroyo;Instalada
Ecobici;477;Lago Iseo;Laguna de Mayran;Anahuac I Seccion;Miguel Hidalgo;19.440.905;-99.181.743;Arroyo;Instalada
Ecobici;478;Laguna de Mayran;Lago Chalco;Anahuac I Seccion;Miguel Hidalgo;19.440.818;-99.176.961;Arroyo;Instalada
Ecobici;479;Lago Muritz;Av. Marina Nacional;Mariano Escobedo;Miguel Hidalgo;19.444.433;-99.179.664;Arroyo;Instalada
Ecobici;480;Lago Iseo;Av. Marina Nacional;Mariano Escobedo;Miguel Hidalgo;19.446.073;-99.181.654;Arroyo;Instalada
Ecobici;481;Lago Garda;Mariano Escobedo;Popotla;Miguel Hidalgo;19.449.367;-99.182.461;Arroyo;Instalada
Ecobici;482;Lago Xochimilco;Laguna de San Cristobal;Anahuac;Miguel Hidalgo;19.444.826;-99.178.393;Arroyo;Instalada
Ecobici;483;Colegio Salesiano;Av. Marina Nacional;Anahuac;Miguel Hidalgo;19.443.092;-99.177.612;Arroyo;Instalada
Ecobici;484;Laguna de Mayran;Lago Cuitzeo;Anahuac;Miguel Hidalgo;1.944.046;-99.174.564;Arroyo;Instalada
Ecobici;485;Lago de Patzcuaro;Av. Marina Nacional;Anahuac;Miguel Hidalgo;19.438.506;-99.172.696;Arroyo;Instalada
Ecobici;486;Izcoatl;Circuito Interior Melchor Ocampo;Tlaxpana;Miguel Hidalgo;19.437.334;-99.169.573;Arroyo;Instalada
Ecobici;487;Atzayacatl;Quetzalcoatl;Tlaxpana;Miguel Hidalgo;19.439.741;-99.168.901;Arroyo;Instalada
Ecobici;488;Huetzin;Laguna de Guzman;Anahuac;Miguel Hidalgo;1.944.484;-9.917.049;Arroyo;Instalada
Ecobici;489;Lago Chalco;Laguna Tamiahua;Anahuac;Miguel Hidalgo;19.446.449;-99.176.028;Arroyo;Instalada
Ecobici;490;Lago Garda;Ferrocarril de Cuernavaca;Anahuac;Miguel Hidalgo;19.448.935;-99.179.295;Arroyo;Instalada
Ecobici;491;Colegio Salesiano;Lago Catemaco;Anahuac;Miguel Hidalgo;19.449.405;-99.176.635;Arroyo;Instalada
Ecobici;492;Lago Cuitzeo;Felipe Carrillo Puerto;Anahuac;Miguel Hidalgo;19.449.125;-99.173.442;Arroyo;Instalada
Ecobici;493;Lago Tlahuac;Laguna de Guzman;Anahuac;Miguel Hidalgo;19.445.916;-99.170.401;Arroyo;Instalada
Ecobici;494;Tlaloc;Calzada Mexico Tacuba;Tlaxpana;Miguel Hidalgo;19.444.053;-99.167.429;Arroyo;Instalada
Ecobici;495;Amado Nervo;Avenida de los Maestros;Agricultura;Miguel Hidalgo;19.445.528;-99.166.934;Arroyo;Instalada
Ecobici;496;Maestro Rural;Jose Parres;Un Hogar para Nosotros;Miguel Hidalgo;19.449.039;-99.170.246;Arroyo;Instalada
Ecobici;497;Manuel Carpio;Plan de Ayala;Santo Tomas;Miguel Hidalgo;19.452.688;-99.170.157;Arroyo;Instalada
Ecobici;498;Avenida de los Maestros;Plan de Agua Prieta;Plutarco Elias Calles;Miguel Hidalgo;19.453.197;-9.916.645;Arroyo;Instalada
Ecobici;499;Avenida de los Maestros;Calzada de los Gallos;Agricultura;Miguel Hidalgo;19.455.986;-99.165.966;Arroyo;Instalada
Ecobici;500;Ferrocarril de Cuernavaca;Juan Sarabia;Plutarco Elias Calles;Miguel Hidalgo;19.456.546;-99.169.344;Arroyo;Instalada
Ecobici;501;Plan de Guadalupe /Ferrocarril de Cuernavaca;Eligio Ancona;Nextitla;Miguel Hidalgo;19.454.257;-99.172.593;Arroyo;Instalada
Ecobici;502;Mar Mediterraneo;Callejon de la Zanja;Popotla;Miguel Hidalgo;19.453.432;-99.174.636;Arroyo;Instalada
Ecobici;503;Nextitla;Mar Egeo;Nextitla;Miguel Hidalgo;19.455.531;-99.175.222;Arroyo;Instalada
Ecobici;504;Mar Blanco;Calzada Mexico Tacuba;Popotla;Miguel Hidalgo;19.455.343;-99.179.056;Arroyo;Instalada
Ecobici;505;Mar Negro;Eje 4 Poniente;Popotla;Miguel Hidalgo;194.553.348;-991.814.278;Arroyo;Instalada
Ecobici;506;Mar Mediterraneo;Mar Arabigo;Tacuba;Miguel Hidalgo;19.459.553;-99.185.111;Arroyo;Instalada
Ecobici;507;Mar Mediterraneo;Avenida Azcapotzalco;Tacuba;Miguel Hidalgo;19.460.292;-99.188.303;Arroyo;Instalada
Ecobici;508;Libertad;Jose Sanchez Trujillo;San Alvaro;Azcapotzalco;19.462.421;-99.183.614;Banqueta;Instalada
Ecobici;509;Benito Juarez;Venecia;San Alvaro;Azcapotzalco;1.945.968;-991.818;Arroyo;Instalada
Ecobici;510;Egipto;Calle Norte 79 A;Claveria;Azcapotzalco;19.462.152;-99.178.291;Arroyo;Instalada
Ecobici;511;Palestina;Egipto;Claveria;Azcapotzalco;19.463.865;-9.918.229;Arroyo;Instalada
Ecobici;512;Avenida Claveria;Floresta;Claveria;Azcapotzalco;19.465.636;-99.186.342;Arroyo;Instalada
Ecobici;513;Avenida Aquiles Serdan;Av. Invierno;Angel Zimbron;Azcapotzalco;1.946.961;-9.918.983;Arroyo;Instalada
Ecobici;514;Jose F. Gutierrez;Avenida Invierno;Angel Zimbron;Azcapotzalco;19.470.485;-99.188.509;Arroyo;Instalada
Ecobici;515;Tebas;Salonica;Del Recreo;Azcapotzalco;1.946.969;-9.918.405;Arroyo;Instalada
Ecobici;516;Texcoco;Nilo;Claveria;Azcapotzalco;1.946.669;-99.180.302;Arroyo;Instalada
Ecobici;517;Ignacio Allende;Avenida Claveria;Claveria;Azcapotzalco;19.465.377;-99.179.197;Arroyo;Instalada
Ecobici;518;Avenida Heliopolis;Norte 79A;Claveria;Azcapotzalco;19.468.315;-99.177.386;Arroyo;Instalada
Ecobici;519;Poniente 58;Avenida Cuitlahuac;Obrero Popular;Azcapotzalco;19.464.891;-99.177.242;Arroyo;Instalada
Ecobici;520;Salonica;Camarones;Sector Naval;Azcapotzalco;1.947.072;-9.917.835;Camellón;Instalada
Ecobici;521;Yuca;Clavelinas;Nueva Santa Maria;Azcapotzalco;19.466.423;-99.173.061;Arroyo;Instalada
Ecobici;522;Prolongacion Nueces;Av. Cuitlahuac;Unidad Habitacional Cuitláhuac;Azcapotzalco;194.705.145;-991.700.615;Banqueta;Instalada
Ecobici;523;Toronjil;Av. Cuitlahuac;Victoria de las Democracias;Azcapotzalco;1.947.111;-991.653;Arroyo;Instalada
Ecobici;524;Malvon;Juan Sarabia;Hogar y Seguridad;Azcapotzalco;19.468.246;-99.168.165;Arroyo;Instalada
Ecobici;525;Boldo;Tila;Hogar y Seguridad;Azcapotzalco;19.468.293;-9.916.557;Arroyo;Instalada
Ecobici;526;Toronjil;Mejorana;Ignacio Allende;Azcapotzalco;19.466.937;-99.162.948;Arroyo;Instalada
Ecobici;527;Boldo;Alcanfores;Nueva Santa Maria;Azcapotzalco;19.464.826;-99.163.177;Arroyo;Instalada
Ecobici;528;Tlatilco;Av. Jardin;Tlatilco;Azcapotzalco;19.464.966;-99.160.413;Arroyo;Instalada
Ecobici;529;Avenida Plan de San Luis;Clavelinas;Nueva Santa Maria;Azcapotzalco;19.465.552;-99.166.851;Arroyo;Instalada
Ecobici;530;Membrillo;Cda. de Nueces;Nueva Santa Maria;Azcapotzalco;19.464.564;-99.169.496;Arroyo;Instalada
Ecobici;531;Norte 67;Poniente 44;San Salvador Xochimanca;Azcapotzalco;19.460.356;-99.174.283;Arroyo;Instalada
Ecobici;532;Biologo Maximino Martinez;Calzada Camarones;San Salvador Xochimanca;Azcapotzalco;194.608.519;-991.711.992;Arroyo;Instalada
Ecobici;533;Av. Plan de San Luis;Eje 2 Norte Eulalia Guzmán;Nueva Santa Maria;Azcapotzalco;1.946.047;-9.916.727;Arroyo;Instalada
Ecobici;534;Tlatilco;Jazmin;Tlatilco;Azcapotzalco;1.945.883;-99.164.513;Arroyo;Instalada
Ecobici;535;Av. Jardin;Orquídea;Tlatilco;Azcapotzalco;1.946.173;-9.916.225;Arroyo;Instalada
Ecobici;536;Fresno;Eje 2 Norte Eulalia Guzmán;Atlampa;Cuauhtemoc;19.458.881;-99.159.215;Arroyo;Instalada
Ecobici;537;Fresno;Clavel;Atlampa;Cuauhtemoc;19.457.594;-99.159.455;Arroyo;Instalada
Ecobici;538;Eligio Ancona;Circuito Interior Instituto Tecnico Industrial;Santa Maria la Ribera;Cuauhtemoc;19.453.663;-99.163.756;Arroyo;Instalada
Ecobici;539;Naranjo;Av. Ricardo Flores Magón;Atlampa;Cuauhtemoc;19.455.189;-99.157.644;Arroyo;Instalada
Ecobici;540;Eucalipto;Av. Ricardo Flores Magon;Santa Maria la Ribera;Cuauhtemoc;19.453.975;-99.152.525;Arroyo;Instalada
Ecobici;541;Eligio Ancona;Naranjo;Santa Maria la Ribera;Cuauhtemoc;1.945.272;-99.158.014;Arroyo;Instalada
Ecobici;542;Doctor  Enrique Gozalez Martinez;Eligio Ancona;Santa Maria la Ribera;Cuauhtemoc;19.451.838;-99.154.584;Arroyo;Instalada
Ecobici;543;Jaime Torres Bodet;Manuel Carpio;Santa Maria la Ribera;Cuauhtemoc;19.450.506;-99.157.375;Arroyo;Instalada
Ecobici;544;Salvador Diaz Miron;Nogal;Santa Maria la Ribera;Cuauhtemoc;19.449.773;-99.163.136;Arroyo;Instalada
Ecobici;545;Sabino;Salvador Diaz Miron;Santa Maria la Ribera;Cuauhtemoc;19.449.104;-99.159.931;Arroyo;Instalada
Ecobici;546;Salvador Diaz Miron;Santa Maria la Ribera;Santa Maria la Ribera;Cuauhtemoc;19.448.764;-99.156.817;Arroyo;Instalada
Ecobici;547;Doctor Enrique Gonzalez Martinez;Salvador Diaz Miron;Santa Maria la Ribera;Cuauhtemoc;1.944.763;-991.554;Arroyo;Instalada
Ecobici;548;Doctor Mariano Azuela;Jose Antonio Alzate;Santa Maria la Ribera;Cuauhtemoc;1.944.701;-99.154.318;Arroyo;Instalada
Ecobici;549;Sor Juana Ines de la Cruz;Doctor Atl;Santa Maria la Ribera;Cuauhtemoc;194.450.444;-9.915.713.333;Arroyo;Instalada
Ecobici;550;Sor Juana Ines de la Cruz;Fresno;Santa Maria la Ribera;Cuauhtemoc;194.459.583;-9.916.137.222;Arroyo;Instalada
Ecobici;551;Nogal;Av. Ribera de San Cosme;Santa Maria la Ribera;Cuauhtemoc;194.435.806;-9.916.488.333;Arroyo;Instalada
Ecobici;552;Fresno;Av. Ribera de San Cosme;Santa Maria la Ribera;Cuauhtemoc;1.944.310.811;-9.916.245.373;Arroyo;Instalada
Ecobici;553;Jaime Torres Bodet;Av. Ribera de San Cosme;Santa Maria la Ribera;Cuauhtemoc;19.442;-9.915.933.333;Arroyo;Instalada
Ecobici;554;Heroes Ferrocarrileros;Mariano Azuela;Santa Maria la Ribera;Cuauhtemoc;1.944.174.727;-9.915.563.897;Arroyo;Instalada
Ecobici;555;Av. Ribera de San Cosme;Av. Insurgentes Centro;Santa Maria la Ribera;Cuauhtemoc;1.944.021.597;-9.915.616.778;Banqueta;Instalada
Ecobici;556;Plaza Tlaxcoaque;Diagonal 20 de Noviembre;Centro;Cuauhtemoc;19.423.056;-99.134.941;Arroyo;Instalada
Ecobici;557;5 de Febrero;Fernando de Alva Ixtlilxochitl;Obrera;Cuauhtemoc;1.941.981;-99.135.941;Arroyo;Instalada
Ecobici;558;Chimalpopoca;Simon Bolivar;Centro;Cuauhtemoc;194.223;-99.139.872;Arroyo;Instalada
Ecobici;559;Fernando de Alva Ixtlilxochitl;Diagonal 20 de Noviembre;Obrera;Cuauhtemoc;19.420.029;-99.140.999;Arroyo;Instalada
Ecobici;560;Doctor Liceaga;Eje Central Lazaro Cardenas;Doctores;Cuauhtemoc;19.421.599;-99.143.408;Arroyo;Instalada
Ecobici;561;Doctor  Jimenez;Doctor Lavista;Doctores;Cuauhtemoc;19.423.673;-99.147.957;Arroyo;Instalada
Ecobici;562;Claudio Bernard;Jose Maria Vertiz;Doctores;Cuauhtemoc;1.942.037;-99.146.818;Arroyo;Instalada
Ecobici;563;Doctor Velasco;Niños Heroes;Doctores;Cuauhtemoc;19.419.444;-99.149.776;Arroyo;Instalada
Ecobici;564;Doctor Carmona y Valle;Doctor Velasco;Doctores;Cuauhtemoc;19.419.509;-99.153.227;Arroyo;Instalada
Ecobici;565;Doctor Martinez del Rio;Doctor Lucio;Doctores;Cuauhtemoc;19.417.668;-99.152.775;Arroyo;Instalada
Ecobici;566;Doctor Jimenez;Doctor Garcia;Doctores;Cuauhtemoc;1.941.638;-991.495;Arroyo;Instalada
Ecobici;567;Doctor Martinez del Rio;Doctor Jose Terres;Doctores;Cuauhtemoc;19.417.133;-99.145.649;Arroyo;Instalada
Ecobici;568;Doctor Barragan;Doctor Erazo;Doctores;Cuauhtemoc;19.418.013;-99.144.598;Arroyo;Instalada
Ecobici;569;Gutierrez Najera;Simon Bolivar;Obrera;Cuauhtemoc;19.415.713;-99.141.227;Arroyo;Instalada
Ecobici;570;Alfredo Chavero;Simon Bolivar;Obrera;Cuauhtemoc;19.417.595;-99.140.972;Arroyo;Instalada
Ecobici;571;Manuel M. Flores;Calzada San Antonio Abad;Obrera;Cuauhtemoc;19.416.221;-99.134.909;Arroyo;Instalada
Ecobici;572;Manuel J. Othon;5 de Febrero;Obrera;Cuauhtemoc;19.414.595;-99.135.886;Arroyo;Instalada
Ecobici;573;Fernando Ramirez;Isabel la Catolica;Obrera;Cuauhtemoc;19.412.853;-99.138.723;Arroyo;Instalada
Ecobici;574;Jose Maria Roa Barcenas;Simon Bolivar;Obrera;Cuauhtemoc;1.941.175;-9.914.096;Arroyo;Instalada
Ecobici;575;Fernando Ramirez;Eje Central Lazaro Cardenas;Obrera;Cuauhtemoc;19.413.235;-99.143.476;Arroyo;Instalada
Ecobici;576;Doctor Arce;Jose Maria Vertiz;Doctores;Cuauhtemoc;19.413.469;-9.914.825;Arroyo;Instalada
Ecobici;577;Doctor Marquez;Doctor Jimenez;Doctores;Cuauhtemoc;19.411.609;-9.915.314;Arroyo;Instalada
Ecobici;578;Doctor Jimenez;Doctor Federico Gomez Santos;Doctores;Cuauhtemoc;19.408.649;-99.151.126;Arroyo;Instalada
Ecobici;579;Doctor Marquez;Privada Doctor Duran;Doctores;Cuauhtemoc;19.410.884;-99.144.975;Arroyo;Instalada
Ecobici;580;Antonio Solis;Simon Bolivar;Obrera;Cuauhtemoc;19.409.817;-99.141.643;Arroyo;Instalada
Ecobici;581;Jose Maria Roa Barcenas;Calzada San Antonio Abad;Obrera;Cuauhtemoc;19.411.323;-99.135.626;Arroyo;Instalada
Ecobici;582;Antonio Solis;Calzada San Antonio Abad;Obrera;Cuauhtemoc;19.409.473;-99.135.939;Arroyo;Instalada
Ecobici;583;Angel del Campo;5 de Febrero;Obrera;Cuauhtemoc;19.408.087;-99.137.763;Arroyo;Instalada
Ecobici;584;Enrique Granados;Jose Peon Contreras (Eje 3);Algarin;Cuauhtemoc;1.940.697;-9.914.383;Arroyo;Instalada
Ecobici;585;Jose Toribio Medina;Manuel Navarrete;Algarin;Cuauhtemoc;19.405.358;-9.914.316;Arroyo;Instalada
Ecobici;586;Bernardo Couto;Juan E. Hernandez y Davalos;Algarin;Cuauhtemoc;19.406.458;-99.138.735;Arroyo;Instalada
Ecobici;587;Jose Toribio Medina;Marcelino Davalos;Algarin;Cuauhtemoc;19.404.654;-99.136.966;Arroyo;Instalada
Ecobici;588;Avenida Fernando;La Coruña;Alamos;Benito Juarez;19.401.239;-99.137.404;Arroyo;Instalada
Ecobici;589;Cadiz;Calzada de Tlalpan;Alamos;Benito Juarez;1.939.859;-99.137.732;Arroyo;Instalada
Ecobici;590;Avenida Fernando;Isabel la Catolica;Alamos;Benito Juarez;19.399.172;-99.140.625;Arroyo;Instalada
Ecobici;591;Simon Bolivar;La Coruña;Alamos;Benito Juarez;19.402.088;-99.142.976;Arroyo;Instalada
Ecobici;592;Cadiz;Eje Central Lazaro Cardenas;Alamos;Benito Juarez;19.399.664;-99.145.136;Arroyo;Instalada
Ecobici;593;Zempoala;Diagonal de San Antonio;Narvarte;Benito Juarez;19.400.943;-99.147.989;Arroyo;Instalada
Ecobici;594;Xochicalco;Obrero Mundial;Piedad Narvarte;Benito Juarez;19.402.277;-99.153.294;Arroyo;Instalada
Ecobici;595;Yacatas;Diagonal de San Antonio;Narvarte;Benito Juarez;19.396.983;-99.155.114;Arroyo;Instalada
Ecobici;596;Cumbres de Maltrata;Uxmal;Narvarte;Benito Juarez;19.395.205;-99.155.049;Arroyo;Instalada
Ecobici;597;Diagonal San Antonio;Icacos;Narvarte;Benito Juarez;19.398.858;-99.151.211;Arroyo;Instalada
Ecobici;598;Palenque;Cumbres de Maltrata;Narvarte;Benito Juarez;193.931;-99.152.012;Arroyo;Instalada
Ecobici;599;La Morena;Zempoala;Narvarte;Benito Juarez;19.398.143;-99.148.333;Arroyo;Instalada
Ecobici;600;Cumbres de Acultzingo;Av. Universidad;Narvarte;Benito Juarez;19.392.463;-99.150.544;Arroyo;Instalada
Ecobici;601;Navarra;Av. Fernando;Alamos;Benito Juarez;19.395.812;-99.145.347;Arroyo;Instalada
Ecobici;602;Correspondencia;Eje Central Lazaro Cardenas;Postal;Benito Juarez;19.392.523;-99.146.194;Arroyo;Instalada
Ecobici;603;Castilla;Eje 4 Sur Xola;Alamos;Benito Juarez;19.394.422;-99.143.291;Arroyo;Instalada
Ecobici;604;Andalucia;Carteros;Postal;Benito Juarez;19.390.945;-99.142.972;Arroyo;Instalada
Ecobici;605;5 de Febrero;Alfonso XIII;Alamos;Benito Juarez;1.939.516;-99.139.532;Arroyo;Instalada
Ecobici;606;Alfonso XIII;Aragon;Alamos;Benito Juarez;1.939.489;-991.389;Arroyo;Instalada
Ecobici;607;Union Postal;Calzada de Tlalpan;Postal;Benito Juarez;19.390.924;-9.913.895;Arroyo;Instalada
Ecobici;608;Ahorro Postal;Francisco Marquez;Josefa Ortiz de Dominguez;Benito Juarez;19.388.373;-99.139.746;Arroyo;Instalada
Ecobici;609;Romero;Calzada de Tlalpan;Americas Unidas;Benito Juarez;19.384.623;-99.139.817;Arroyo;Instalada
Ecobici;610;Av. Victor Hugo;Av. Niños Heroes de Chapultepec;Niños Heroes de Chapultepec;Benito Juarez;19.387.174;-99.143.708;Arroyo;Instalada
Ecobici;611;Miguel Negrete;Avenida Niños Heroes de Chapultepec;Niños Heroes de Chapultepec;Benito Juarez;19.387.506;-99.146.338;Arroyo;Instalada
Ecobici;612;Torres Adalid;Cumbres de Maltrata;Narvarte;Benito Juarez;19.388.148;-99.148.446;Arroyo;Instalada
Ecobici;613;Luz Saviñon;Doctor Jose Maria Vertiz;Narvarte;Benito Juarez;19.390.019;-9.915.111;Arroyo;Instalada
Ecobici;614;Torres Adalid;Av. Cuauhtemoc;Narvarte Poniente;Benito Juarez;193.893;-9.915.633;Arroyo;Instalada
Ecobici;615;Tajin;Av. Universidad;Narvarte;Benito Juarez;1.938.748;-99.153.876;Arroyo;Instalada
Ecobici;616;Peten;Eje 5 Sur;Vertiz Narvarte;Benito Juarez;1.938.483;-9.915.363;Arroyo;Instalada
Ecobici;617;Mitla;Eje 5 Sur;Narvarte;Benito Juarez;19.384.589;-99.150.517;Arroyo;Instalada
Ecobici;618;Bartolome R. Salido;Edzna;Vertiz Narvarte;Benito Juarez;19.381.824;-99.148.086;Arroyo;Instalada
Ecobici;619;Kiff;Rafael Solana Verduguillo;Independencia;Benito Juarez;19.381.277;-99.145.804;Arroyo;Instalada
Ecobici;620;Fernando Montes de Oca;Priv. Lago;Americas Unidas;Benito Juarez;19.381.804;-99.142.997;Arroyo;Instalada
Ecobici;621;Lago Poniente;Calzada de Tlalpan;Americas Unidas;Benito Juarez;19.379.458;-99.140.943;Arroyo;Instalada
Ecobici;622;Fernando Montes de Oca;Eje 6 Sur;San Simon Ticumac;Benito Juarez;19.378.362;-99.144.007;Arroyo;Instalada
Ecobici;623;Fernando Montes de Oca;Antonio Rodriguez;San Simon Ticumac;Benito Juarez;19.375.518;-99.144.118;Arroyo;Instalada
Ecobici;624;Luis Spota;Eje Central Lazaro Cardenas;San Simon Ticumac;Benito Juarez;19.377.516;-99.148.116;Arroyo;Instalada
Ecobici;625;Zempoala;Eje 6 Sur;Independencia;Benito Juarez;19.379.521;-99.150.052;Arroyo;Instalada
Ecobici;626;San Borja;Peten;Vertiz Narvarte;Benito Juarez;19.382.115;-99.153.988;Arroyo;Instalada
Ecobici;627;San Borja;Av. Universidad;Vertiz Narvarte;Benito Juarez;19.382.606;-99.156.592;Arroyo;Instalada
Ecobici;628;Tenayuca;Chichen Itza;Letran Valle;Benito Juarez;19.378.281;-9.915.841;Arroyo;Instalada
Ecobici;629;Tajin;Chichen Itza;Letran Valle;Benito Juarez;19.376.367;-99.155.872;Arroyo;Instalada
Ecobici;630;Cuicuilco;Motozintla;Letran Valle;Benito Juarez;19.375.677;-99.152.953;Arroyo;Instalada
Ecobici;631;Miguel Laurent;Eje Central Lazaro Cardenas;Portales;Benito Juarez;19.372.907;-99.149.207;Arroyo;Instalada
Ecobici;632;Victor Hugo;Sevilla;Portales;Benito Juarez;19.370.891;-99.151.577;Arroyo;Instalada
Ecobici;633;Canarias;Calzada Santa Cruz;San Simon Ticumac;Benito Juarez;19.372.175;-99.146.356;Arroyo;Instalada
Ecobici;634;Rumania;Avenida Victor Hugo;Portales;Benito Juarez;19.370.133;-99.145.866;Arroyo;Instalada
Ecobici;635;Calzada Santa Cruz;Antillas;Portales;Benito Juarez;19.370.586;-99.142.294;Arroyo;Instalada
Ecobici;636;Ajusco;Antillas;Portales;Benito Juarez;19.367.131;-99.142.838;Arroyo;Instalada
Ecobici;637;Ajusco;Emperadores;Portales;Benito Juarez;1.936.576;-99.144.413;Arroyo;Instalada
Ecobici;638;Av. Pirineos;Antillas;Portales;Benito Juarez;19.361.743;-99.143.867;Arroyo;Instalada
Ecobici;639;Bulgaria;Rumania;Portales;Benito Juarez;19.364.528;-99.146.988;Arroyo;Instalada
Ecobici;640;Odesa;Bulgaria;Portales;Benito Juarez;19.367.465;-99.148.786;Arroyo;Instalada
Ecobici;641;Sevilla;Av. Presidentes;Portales;Benito Juarez;19.368.109;-99.151.863;Arroyo;Instalada
Ecobici;642;Avenida Republicas;Monrovia;Portales;Benito Juarez;19.364.001;-99.150.422;Arroyo;Instalada
Ecobici;643;Filipinas;Av. Pirineos;Portales;Benito Juarez;19.362.323;-99.148.805;Arroyo;Instalada
Ecobici;644;Monrovia;Eje 8 Sur Av. Popocatepetl;Portales;Benito Juarez;19.361.371;-99.150.619;Arroyo;Instalada
Ecobici;645;Saratoga;Ajusco;Portales;Benito Juarez;19.358.634;-99.152.732;Arroyo;Instalada
Ecobici;646;Rumania;Eje 8 Sur Av. Popocatepetl;Portales;Benito Juarez;1.936.053;-991.475;Arroyo;Instalada
Ecobici;647;Alhambra;Avenida Nevado;Portales;Benito Juarez;19.359.093;-99.145.247;Arroyo;Instalada
Ecobici;648;Rafael Olivia;20 de Agosto;San Diego Churubusco;Coyoacan;19.354.411;-99.147.795;Arroyo;Instalada
Ecobici;649;Heroes del 47;J. Aguilar y Lopez;San Mateo;Coyoacan;1.935.072;-99.146.786;Arroyo;Instalada
Ecobici;650;Xicotencatl;Prolongacion Xicotencatl;San Diego Churubusco;Coyoacan;19.355.945;-99.149.258;Arroyo;Instalada
Ecobici;651;Heroes del 47;Av. Division del Norte;San Mateo;Coyoacan;19.351.578;-99.150.941;Arroyo;Instalada
Ecobici;652;Xicotencatl;Av. Division del Norte;Del Carmen;Coyoacan;19.354.876;-99.153.611;Arroyo;Instalada
Ecobici;653;Londres;Av. Division del Norte;Del Carmen;Coyoacan;1.935.674;-9.915.309;Arroyo;Instalada
Ecobici;654;Londres;San Pedro;Del Carmen;Coyoacan;19.355.942;-99.157.461;Arroyo;Instalada
Ecobici;655;Gomez Farias;Viena;Del Carmen;Coyoacan;19.357.076;-99.160.189;Arroyo;Instalada
Ecobici;656;Ignacio Allende;Paris;Del Carmen;Coyoacan;193.543.111;-9.916.243.611;Arroyo;Instalada
Ecobici;657;Madrid;Centenario;Del Carmen;Coyoacan;193.574.361;-9.916.379.444;Arroyo;Instalada
Ecobici;658;Vicente Guerrero;Berlin;Del Carmen;Coyoacan;19.355.339;-99.165.613;Arroyo;Instalada
Ecobici;659;Madrid;Avenida Mexico;Del Carmen;Coyoacan;193.564.861;-9.916.945.556;Arroyo;Instalada
Ecobici;660;Josefa Ortiz de Dominguez;Circuito Interior;Del Carmen;Coyoacan;193.580.028;-9.917.010.556;Arroyo;Instalada
Ecobici;661;Madrid;Av. Universidad;Del Carmen;Coyoacan;1.935.675;-99.171.769;Arroyo;Instalada
Ecobici;662;Manzano;Circuito Interior;Axotla;Alvaro Obregon;19.362.041;-99.175.158;Arroyo;Instalada
Ecobici;663;Hortensia;Av. Universidad;Axotla;Alvaro Obregon;193.548.028;-9.917.541.944;Arroyo;Instalada
Ecobici;664;Hortensia;2da cerrrada de Minerva;Florida;Alvaro Obregon;19.355.544;-99.178.992;Arroyo;Instalada
Ecobici;665;Moras;Mango;Florida;Alvaro Obregon;193.589.028;-9.917.799.722;Arroyo;Instalada
Ecobici;666;Moras;Naranjo;Florida;Alvaro Obregon;193.614.885;-9.917.743.249;Arroyo;Instalada
Ecobici;667;Hermes;Mosqueta;Credito Constructor;Benito Juarez;193.639.778;-9.918.091.389;Arroyo;Instalada
Ecobici;668;Plateros;Capuchinas;San Jose Insurgentes;Benito Juarez;19.367.522;-99.181.727;Banqueta;Instalada
Ecobici;669;Los Juarez;Sagredo;San Jose Insurgentes;Benito Juarez;1.937.075.451;-9.918.743.854;Arroyo;Instalada
Ecobici;670;Felix Parra;Flamencos;San Jose Insurgentes;Benito Juarez;193.676;-9.918.499.167;Arroyo;Instalada
Ecobici;671;Plateros;Jose Maria Velasco;San Jose Insurgentes;Benito Juarez;19.364.577;-99.186.288;Arroyo;Instalada
Ecobici;672;Jose Maria Velasco;Damas;San Jose Insurgentes;Benito Juarez;1.936.295;-99.183.161;Arroyo;Instalada
Ecobici;673;Miguel Noreña;Jose Maria Ibarraran;San Jose Insurgentes;Benito Juarez;19.363.153;-99.186.963;Arroyo;Instalada
Ecobici;674;Macedonio Alcala;Silvestre Revueltas;Guadalupe Inn;Alvaro Obregon;19.361.845;-99.186.887;Banqueta;Instalada
Ecobici;675;Manuel Castro Padilla;Av. Revolucion;Guadalupe Inn;Alvaro Obregon;193.625.527;-991.889.526;Arroyo;Instalada
Ecobici;676;Ricardo Palmerin;Abundio Martinez;Guadalupe Inn;Alvaro Obregon;19.358.262;-9.918.809;Arroyo;Instalada
Ecobici;677;Juan Pablo II;Av. Insurgentes;Guadalupe Inn;Alvaro Obregon;19.359.053;-99.184.317;Arroyo;Instalada
Ecobici;678;Francia;Tecoyotitla;Florida;Alvaro Obregon;1.935.886.344;-9.918.292.974;Arroyo;Instalada
Ecobici;679;Olivo;Tecoyotitla;Florida;Alvaro Obregon;19.354.886;-99.184.642;Arroyo;Instalada
Ecobici;680;Diego Becerra;Av. Revolucion;San Jose Insurgentes;Benito Juarez;1.936.672;-99.188.409;Arroyo;Instalada
Ecobici;681;Guty Cardenas;Ricardo Castro;Guadalupe Inn;Alvaro Obregon;19.355.817;-99.189.142;Arroyo;Instalada
Ecobici;682;Manuel M Ponce;Fernando M Villalpando;Guadalupe Inn;Alvaro Obregon;1.935.355;-99.189.519;Arroyo;Instalada
Ecobici;683;Pedro Luis Ogazon;Av. Insurgentes;San Angel;Alvaro Obregon;193.503.611;-991.871.111;Arroyo;Instalada
Ecobici;684;Vito Alessio Robles;Tecoyotitla;Guadalupe Chimalistac;Alvaro Obregon;19.351.594;-99.184.772;Arroyo;Instalada
Ecobici;685;Av. de la Paz;Av. Insurgentes;Guadalupe Chimalistac;Alvaro Obregon;19.347.693;-99.187.026;Banqueta;Instalada
Ecobici;686;Avenida Vito Alessio Robles;Av. Universidad;Agricola;Alvaro Obregon;19.352.203;-99.178.393;Arroyo;Instalada
Ecobici;687;Av. Francisco Sosa;Panzacola;Santa Catarina;Coyoacan;19.349.348;-99.179.015;Arroyo;Instalada
Ecobici;688;Panzacola;Av. Miguel Angel de Quevedo;Santa Catarina;Coyoacan;19.346.975;-99.178.791;Arroyo;Instalada
Ecobici;689;G. Perez Valenzuela;Tlapancalco;Santa Catarina;Coyoacan;19.351.426;-99.175.455;Arroyo;Instalada
Ecobici;690;Tata Vasco;Av. Miguel Angel de Quevedo;Santa Catarina;Coyoacan;193.459.701;-9.917.296;Arroyo;Instalada
Ecobici;691;Melchor Ocampo;Dulce Olivia;Santa Catarina;Coyoacan;19.347.283;-99.170.834;Arroyo;Instalada
Ecobici;692;Presidente Carranza;Francisco Sosa;Santa Catarina;Coyoacan;19.349.149;-99.169.646;Arroyo;Instalada
Ecobici;693;Xicotencatl;Vicente Guerrero;Del Carmen;Coyoacan;19.352.531;-99.164.913;Arroyo;Instalada
Ecobici;694;Ignacio Aldama;Centenario;Del Carmen;Coyoacan;19.353.243;-99.163.753;Arroyo;Instalada
Ecobici;695;Malintzin;Allende;Del Carmen;Coyoacan;19.352.143;-99.162.096;Arroyo;Instalada
Ecobici;696;Av. Mexico;Malintzin;Del Carmen;Coyoacan;1.935.154;-99.164.523;Arroyo;Instalada
Ecobici;697;Francisco Sosa;Tres Cruces;Villa Coyoacan;Coyoacan;19.349.277;-99.164.921;Arroyo;Instalada
Ecobici;698;Cda. Alberto Zamora;Av. Miguel Angel de Quevedo;Villa Coyoacan;Coyoacan;19.344.855;-99.163.575;Arroyo;Instalada
Ecobici;699;San Gregorio;Felipe Carrillo Puerto;Villa Coyoacan;Coyoacan;19.346.895;-99.163.868;Arroyo;Instalada
Ecobici;700;Abasolo;Avenida Miguel Hidalgo;Del Carmen;Coyoacan;19.350.062;-99.160.024;Arroyo;Instalada
Ecobici;701;Cuauhtemoc;Morelos;Del Carmen;Coyoacan;19.352.052;-99.157.981;Arroyo;Instalada
Ecobici;702;Fernandez Leal;Plaza de la Conchita;Barrio la Concepcion;Coyoacan;19.347.246;-9.915.857;Arroyo;Instalada
Ecobici;703;Avenida Miguel Hidalgo;Calzada General Anaya;Del Carmen;Coyoacan;19.350.776;-99.155.379;Arroyo;Instalada
Ecobici;704;Pacifico;Asia;Barrio la Concepcion;Coyoacan;19.344.976;-99.157.824;Arroyo;Instalada
Ecobici;705;Europa;Av. Miguel Angel de Quevedo;Parque San Andres;Coyoacan;1.934.406;-99.155.983;Arroyo;Instalada
Ecobici;706;Canada;Acolotitla;Barrio San Lucas;Coyoacan;19.347.503;-9.915.244;Arroyo;Instalada
Ecobici;707;Irlanda;Av. Division del Norte;Parque San Andres;Coyoacan;19.348.076;-9.914.906;Arroyo;Instalada
Ecobici;708;Irlanda;Canada;Parque San Andres;Coyoacan;19.346.489;-99.145.828;Arroyo;Instalada
Ecobici;709;Inglaterra;Antigua Taxqueña;Parque San Andres;Coyoacan;19.344.271;-99.149.973;Arroyo;Instalada
Ecobici;710;Molino del Rey;Glorieta de la Lealtad;San Miguel Chapultepec;Miguel Hidalgo;194.168.415;-991.925.204;Calzada;Instalada
Ecobici;711;Molino del Rey;Av. Constituyentes;San Miguel Chapultepec;Miguel Hidalgo;194.136.683;-991.919.528;Calzada;Instalada
Ecobici;107;Tolsa;Balderas;Centro;Cuauhtemoc;19.427.329;-99.149.971;Arroyo;Instalada
Ecobici;158;Huatabampo;Av. Cuauhtemoc;Roma Sur;Cuauhtemoc;19.407.507;-99.155.541;Arroyo;Instalada
Ecobici;192;Ruben Dario;Av. Paseo de la Reforma;Bosque de Chapultepec;Miguel Hidalgo;1.942.592;-99.190.755;Camellón;Instalada
Ecobici;235;Campos Eliseos;Av. Moliere;Polanco;Miguel Hidalgo;19.429.332;-99.202.181;Arroyo;Instalada
Ecobici;237;Andres Bello;George Eliot;Polanco;Miguel Hidalgo;19.426.744;-99.193.986;Arroyo;Instalada
Ecobici;264;Heroes Ferrocarrileros;Jesus Garcia;Buenavista;Cuauhtemoc;19.440.985;-99.152.935;Arroyo;Instalada
Ecobici;266;Jesus Garcia;Carlos J. Meneses;Buenavista;Cuauhtemoc;19.444.031;-99.152.187;Arroyo;Instalada
Ecobici;268;Luis Donaldo Colosio;Jesus Garcia;Buenavista;Cuauhtemoc;19.442.467;-99.151.658;Arroyo;Instalada
Ecobici;271;Jesus Garcia;Carlos J. Meneses;Buenavista;Cuauhtemoc;19.443.684;-99.152.465;Arroyo;Instalada
Ecobici;273;Luis Donaldo Colosio;Jesus Garcia;Buenavista;Cuauhtemoc;19.442.707;-99.152.956;Arroyo;Instalada
Ecobici;390;Oso;Felix Cuevas;Actipan;Benito Juarez;19.373.384;-99.178.173;Arroyo;Instalada
Ecobici;445;Riff;Avenida Rio Churubusco;General Pedro Maria Anaya;Benito Juarez;19.358.934;-99.156.064;Arroyo;Instalada
